DateKey,systemic_autoencoder_score,systemic_autoencoder_flag,autoencoder_split
2021-01-28,0.3558572,False,train
2021-01-29,0.30058566,False,train
2021-01-30,0.27301624,False,train
2021-01-31,0.24329202,False,train
2021-02-01,0.23909687,False,train
2021-02-02,0.2311345,False,train
2021-02-03,0.23214246,False,train
2021-02-04,0.22569774,False,train
2021-02-05,0.21155548,False,train
2021-02-06,0.22907989,False,train
2021-02-07,0.2295255,False,train
2021-02-08,0.24052936,False,train
2021-02-09,0.2540998,False,train
2021-02-10,0.2602567,False,train
2021-02-11,0.2603875,False,train
2021-02-12,0.27042857,False,train
2021-02-13,0.28820845,False,train
2021-02-14,0.30031517,False,train
2021-02-15,0.3062879,False,train
2021-02-16,0.3216629,False,train
2021-02-17,0.3346787,False,train
2021-02-18,0.3370267,False,train
2021-02-19,0.34423113,False,train
2021-02-20,0.35452932,False,train
2021-02-21,0.34687918,False,train
2021-02-22,0.3379404,False,train
2021-02-23,0.33438614,False,train
2021-02-24,0.32744685,False,train
2021-02-25,0.31410432,False,train
2021-02-26,0.3182655,False,train
2021-02-27,0.31443688,False,train
2021-02-28,0.32491913,False,train
2021-03-01,0.32750866,False,train
2021-03-02,0.33283836,False,train
2021-03-03,0.3424806,False,train
2021-03-04,0.3256091,False,train
2021-03-05,0.33923852,False,train
2021-03-06,0.34939852,False,train
2021-03-07,0.35063994,False,train
2021-03-08,0.3617257,False,train
2021-03-09,0.34922817,False,train
2021-03-10,0.3496986,False,train
2021-03-11,0.35203612,False,train
2021-03-12,0.3574824,False,train
2021-03-13,0.34448683,False,train
2021-03-14,0.35581055,False,train
2021-03-15,0.3433781,False,train
2021-03-16,0.34284613,False,train
2021-03-17,0.35327777,False,train
2021-03-18,0.33497018,False,train
2021-03-19,0.34020874,False,train
2021-03-20,0.32122552,False,train
2021-03-21,0.2963804,False,train
2021-03-22,0.29248187,False,train
2021-03-23,0.29558912,False,train
2021-03-24,0.29337844,False,train
2021-03-25,0.28002277,False,train
2021-03-26,0.28185377,False,train
2021-03-27,0.27747944,False,train
2021-03-28,0.2626339,False,train
2021-03-29,0.25847587,False,train
2021-03-30,0.24549055,False,train
2021-03-31,0.25284764,False,train
2021-04-01,0.2554757,False,train
2021-04-02,0.26788282,False,train
2021-04-03,0.26703003,False,train
2021-04-04,0.266168,False,train
2021-04-05,0.27396876,False,train
2021-04-06,0.27932462,False,train
2021-04-07,0.27524838,False,train
2021-04-08,0.27526748,False,train
2021-04-09,0.26523054,False,train
2021-04-10,0.27520484,False,train
2021-04-11,0.27980375,False,train
2021-04-12,0.28049463,False,train
2021-04-13,0.2742718,False,train
2021-04-14,0.25721246,False,train
2021-04-15,0.24784046,False,train
2021-04-16,0.25583372,False,train
2021-04-17,0.2539719,False,train
2021-04-18,0.2601304,False,train
2021-04-19,0.26523066,False,train
2021-04-20,0.25941554,False,train
2021-04-21,0.25356108,False,train
2021-04-22,0.24661902,False,train
2021-04-23,0.25177512,False,train
2021-04-24,0.25477272,False,train
2021-04-25,0.25336346,False,train
2021-04-26,0.25448576,False,train
2021-04-27,0.25452948,False,train
2021-04-28,0.24517782,False,train
2021-04-29,0.24098584,False,train
2021-04-30,0.2514868,False,train
2021-05-01,0.23870924,False,train
2021-05-02,0.24879995,False,train
2021-05-03,0.24385549,False,train
2021-05-04,0.24310102,False,train
2021-05-05,0.25913674,False,train
2021-05-06,0.23150162,False,train
2021-05-07,0.2465618,False,train
2021-05-08,0.24273464,False,train
2021-05-09,0.23874508,False,train
2021-05-10,0.23220144,False,train
2021-05-11,0.26415896,False,train
2021-05-12,0.25121152,False,train
2021-05-13,0.24821581,False,train
2021-05-14,0.26548514,False,train
2021-05-15,0.2629613,False,train
2021-05-16,0.24164261,False,train
2021-05-17,0.23757742,False,train
2021-05-18,0.24594246,False,train
2021-05-19,0.2333053,False,train
2021-05-20,0.23048282,False,train
2021-05-21,0.23569256,False,train
2021-05-22,0.23215604,False,train
2021-05-23,0.24286321,False,train
2021-05-24,0.2525666,False,train
2021-05-25,0.25631663,False,train
2021-05-26,0.27158192,False,train
2021-05-27,0.2681095,False,train
2021-05-28,0.26452127,False,train
2021-05-29,0.26269633,False,train
2021-05-30,0.27126864,False,train
2021-05-31,0.2829245,False,train
2021-06-01,0.29268652,False,train
2021-06-02,0.31130502,False,train
2021-06-03,0.3018575,False,train
2021-06-04,0.30444086,False,train
2021-06-05,0.31190023,False,train
2021-06-06,0.32564378,False,train
2021-06-07,0.3048535,False,train
2021-06-08,0.29830086,False,train
2021-06-09,0.2790328,False,train
2021-06-10,0.2713422,False,train
2021-06-11,0.27680665,False,train
2021-06-12,0.27039614,False,train
2021-06-13,0.26482546,False,train
2021-06-14,0.25230274,False,train
2021-06-15,0.26484665,False,train
2021-06-16,0.2629697,False,train
2021-06-17,0.26605517,False,train
2021-06-18,0.2824572,False,train
2021-06-19,0.27620503,False,train
2021-06-20,0.28144228,False,train
2021-06-21,0.28352416,False,train
2021-06-22,0.29284346,False,train
2021-06-23,0.30764255,False,train
2021-06-24,0.29624718,False,train
2021-06-25,0.31325194,False,train
2021-06-26,0.2899128,False,train
2021-06-27,0.2809315,False,train
2021-06-28,0.26308197,False,train
2021-06-29,0.26105368,False,train
2021-06-30,0.26357466,False,train
2021-07-01,0.26316127,False,train
2021-07-02,0.26799753,False,train
2021-07-03,0.26507226,False,train
2021-07-04,0.25996566,False,train
2021-07-05,0.25258917,False,train
2021-07-06,0.2498394,False,train
2021-07-07,0.26593378,False,train
2021-07-08,0.27489102,False,train
2021-07-09,0.28994772,False,train
2021-07-10,0.28634098,False,train
2021-07-11,0.2957012,False,train
2021-07-12,0.31124112,False,train
2021-07-13,0.3228952,False,train
2021-07-14,0.32860005,False,train
2021-07-15,0.29916072,False,train
2021-07-16,0.295346,False,train
2021-07-17,0.2778536,False,train
2021-07-18,0.2571875,False,train
2021-07-19,0.27712977,False,train
2021-07-20,0.28214532,False,train
2021-07-21,0.2833822,False,train
2021-07-22,0.2925153,False,train
2021-07-23,0.29321855,False,train
2021-07-24,0.32707694,False,train
2021-07-25,0.3144538,False,train
2021-07-26,0.30459565,False,train
2021-07-27,0.31373796,False,train
2021-07-28,0.3400741,False,train
2021-07-29,0.33058414,False,train
2021-07-30,0.3097101,False,train
2021-07-31,0.31243095,False,train
2021-08-01,0.31351715,False,train
2021-08-02,0.27996093,False,train
2021-08-03,0.28862244,False,train
2021-08-04,0.30206305,False,train
2021-08-05,0.31737334,False,train
2021-08-06,0.33559132,False,train
2021-08-07,0.33698854,False,train
2021-08-08,0.32847705,False,train
2021-08-09,0.337511,False,train
2021-08-10,0.35029566,False,train
2021-08-11,0.3397729,False,train
2021-08-12,0.3555462,False,train
2021-08-13,0.37086815,False,train
2021-08-14,0.3681803,False,train
2021-08-15,0.334363,False,train
2021-08-16,0.32948008,False,train
2021-08-17,0.3264434,False,train
2021-08-18,0.30734164,False,train
2021-08-19,0.29178444,False,train
2021-08-20,0.28714153,False,train
2021-08-21,0.31609794,False,train
2021-08-22,0.2998454,False,train
2021-08-23,0.29543525,False,train
2021-08-24,0.29484308,False,train
2021-08-25,0.30024567,False,train
2021-08-26,0.2984313,False,train
2021-08-27,0.29830512,False,train
2021-08-28,0.30910504,False,train
2021-08-29,0.2945336,False,train
2021-08-30,0.28894547,False,train
2021-08-31,0.29031113,False,train
2021-09-01,0.2985102,False,train
2021-09-02,0.29522756,False,train
2021-09-03,0.29998758,False,train
2021-09-04,0.30089086,False,train
2021-09-05,0.29247403,False,train
2021-09-06,0.28481075,False,train
2021-09-07,0.29265577,False,train
2021-09-08,0.28232524,False,train
2021-09-09,0.28253385,False,train
2021-09-10,0.2869447,False,train
2021-09-11,0.2940744,False,train
2021-09-12,0.28883997,False,train
2021-09-13,0.2841433,False,train
2021-09-14,0.27919677,False,train
2021-09-15,0.27087805,False,train
2021-09-16,0.2689861,False,train
2021-09-17,0.27559978,False,train
2021-09-18,0.24957953,False,train
2021-09-19,0.25352904,False,train
2021-09-20,0.26523194,False,train
2021-09-21,0.27272007,False,train
2021-09-22,0.27831987,False,train
2021-09-23,0.28447253,False,train
2021-09-24,0.28952608,False,train
2021-09-25,0.28315955,False,train
2021-09-26,0.29282328,False,train
2021-09-27,0.2861452,False,train
2021-09-28,0.29190582,False,train
2021-09-29,0.2817098,False,train
2021-09-30,0.2568126,False,train
2021-10-01,0.2544163,False,train
2021-10-02,0.23817247,False,train
2021-10-03,0.23935221,False,train
2021-10-04,0.2558942,False,train
2021-10-05,0.27595615,False,train
2021-10-06,0.278822,False,train
2021-10-07,0.28039953,False,train
2021-10-08,0.26856732,False,train
2021-10-09,0.29282334,False,train
2021-10-10,0.29447114,False,train
2021-10-11,0.30414206,False,train
2021-10-12,0.3068706,False,train
2021-10-13,0.29474792,False,train
2021-10-14,0.2857981,False,train
2021-10-15,0.27177835,False,train
2021-10-16,0.27691084,False,train
2021-10-17,0.26690733,False,train
2021-10-18,0.25437698,False,train
2021-10-19,0.2517823,False,train
2021-10-20,0.25914517,False,train
2021-10-21,0.26267537,False,train
2021-10-22,0.26396078,False,train
2021-10-23,0.27727187,False,train
2021-10-24,0.27301168,False,train
2021-10-25,0.2756842,False,train
2021-10-26,0.26820427,False,train
2021-10-27,0.27952614,False,train
2021-10-28,0.27246094,False,train
2021-10-29,0.2794295,False,train
2021-10-30,0.27880886,False,train
2021-10-31,0.29270738,False,train
2021-11-01,0.29623535,False,train
2021-11-02,0.2811173,False,train
2021-11-03,0.3074742,False,train
2021-11-04,0.31349877,False,train
2021-11-05,0.32949236,False,train
2021-11-06,0.30164942,False,train
2021-11-07,0.31179318,False,train
2021-11-08,0.30799502,False,train
2021-11-09,0.3002842,False,train
2021-11-10,0.29493442,False,train
2021-11-11,0.3023736,False,train
2021-11-12,0.3074266,False,train
2021-11-13,0.3162565,False,train
2021-11-14,0.297764,False,train
2021-11-15,0.3253662,False,train
2021-11-16,0.3169511,False,train
2021-11-17,0.3175807,False,train
2021-11-18,0.2904071,False,train
2021-11-19,0.29090628,False,train
2021-11-20,0.3063502,False,train
2021-11-21,0.29692927,False,train
2021-11-22,0.29626477,False,train
2021-11-23,0.28863373,False,train
2021-11-24,0.29143757,False,train
2021-11-25,0.27726287,False,train
2021-11-26,0.27369875,False,train
2021-11-27,0.27989385,False,train
2021-11-28,0.29005024,False,train
2021-11-29,0.36876243,False,train
2021-11-30,0.39380893,False,train
2021-12-01,0.39373773,False,train
2021-12-02,0.39413437,False,train
2021-12-03,0.39152953,False,train
2021-12-04,0.39265528,False,train
2021-12-05,0.37656835,False,train
2021-12-06,0.3638682,False,train
2021-12-07,0.36362207,False,train
2021-12-08,0.34916243,False,train
2021-12-09,0.33975568,False,train
2021-12-10,0.38209945,False,train
2021-12-11,0.33498847,False,train
2021-12-12,0.32415015,False,train
2021-12-13,0.32867643,False,train
2021-12-14,0.35491765,False,train
2021-12-15,0.33806604,False,train
2021-12-16,0.31364062,False,train
2021-12-17,0.318491,False,train
2021-12-18,0.3237397,False,train
2021-12-19,0.34646654,False,train
2021-12-20,0.3418121,False,train
2021-12-21,0.34104443,False,train
2021-12-22,0.3330388,False,train
2021-12-23,0.3508476,False,train
2021-12-24,0.34746101,False,train
2021-12-25,0.34090558,False,train
2021-12-26,0.27053556,False,train
2021-12-27,0.26203012,False,train
2021-12-28,0.24002965,False,train
2021-12-29,0.23274033,False,train
2021-12-30,0.24764068,False,train
2021-12-31,0.2722211,False,train
2022-01-01,0.2701872,False,train
2022-01-02,0.25502264,False,train
2022-01-03,0.2378447,False,train
2022-01-04,0.24669851,False,train
2022-01-05,0.27221286,False,train
2022-01-06,0.253594,False,train
2022-01-07,0.22605914,False,train
2022-01-08,0.21992275,False,train
2022-01-09,0.21401773,False,train
2022-01-10,0.21842767,False,train
2022-01-11,0.2196376,False,train
2022-01-12,0.22050716,False,train
2022-01-13,0.26126352,False,train
2022-01-14,0.25410223,False,train
2022-01-15,0.24768165,False,train
2022-01-16,0.25563082,False,train
2022-01-17,0.26428592,False,train
2022-01-18,0.24671564,False,train
2022-01-19,0.2561945,False,train
2022-01-20,0.24467956,False,train
2022-01-21,0.22515182,False,train
2022-01-22,0.21991616,False,train
2022-01-23,0.21702509,False,train
2022-01-24,0.21666895,False,train
2022-01-25,0.22924039,False,train
2022-01-26,0.22945006,False,train
2022-01-27,0.2099598,False,train
2022-01-28,0.21923712,False,train
2022-01-29,0.2088382,False,train
2022-01-30,0.20911723,False,train
2022-01-31,0.21522143,False,train
2022-02-01,0.21379665,False,train
2022-02-02,0.215227,False,train
2022-02-03,0.20547102,False,train
2022-02-04,0.20214236,False,train
2022-02-05,0.20232996,False,train
2022-02-06,0.19054155,False,train
2022-02-07,0.19086072,False,train
2022-02-08,0.19469336,False,train
2022-02-09,0.1932012,False,train
2022-02-10,0.19204879,False,train
2022-02-11,0.19001138,False,train
2022-02-12,0.19387205,False,train
2022-02-13,0.19536904,False,train
2022-02-14,0.1900518,False,train
2022-02-15,0.20228864,False,train
2022-02-16,0.19300729,False,train
2022-02-17,0.20580646,False,train
2022-02-18,0.20768246,False,train
2022-02-19,0.21365502,False,train
2022-02-20,0.22013937,False,train
2022-02-21,0.21780089,False,train
2022-02-22,0.21302421,False,train
2022-02-23,0.2149526,False,train
2022-02-24,0.22287947,False,train
2022-02-25,0.22266693,False,train
2022-02-26,0.21647866,False,train
2022-02-27,0.20995712,False,train
2022-02-28,0.21970898,False,train
2022-03-01,0.24151094,False,train
2022-03-02,0.25116736,False,train
2022-03-03,0.25153065,False,train
2022-03-04,0.24752697,False,train
2022-03-05,0.24077545,False,train
2022-03-06,0.244513,False,train
2022-03-07,0.2609147,False,train
2022-03-08,0.27024168,False,train
2022-03-09,0.26738426,False,train
2022-03-10,0.26575866,False,train
2022-03-11,0.26456848,False,train
2022-03-12,0.25075337,False,train
2022-03-13,0.24986736,False,train
2022-03-14,0.26270038,False,train
2022-03-15,0.2568669,False,train
2022-03-16,0.2567454,False,train
2022-03-17,0.2648541,False,train
2022-03-18,0.26426342,False,train
2022-03-19,0.27133036,False,train
2022-03-20,0.25917205,False,train
2022-03-21,0.25113842,False,train
2022-03-22,0.25428945,False,train
2022-03-23,0.25288695,False,train
2022-03-24,0.25232562,False,train
2022-03-25,0.26573518,False,train
2022-03-26,0.27031356,False,train
2022-03-27,0.269341,False,train
2022-03-28,0.2678045,False,train
2022-03-29,0.2562016,False,train
2022-03-30,0.25495806,False,train
2022-03-31,0.25701442,False,train
2022-04-01,0.26600784,False,train
2022-04-02,0.26324594,False,train
2022-04-03,0.26324543,False,train
2022-04-04,0.2619036,False,train
2022-04-05,0.26125655,False,train
2022-04-06,0.26167336,False,train
2022-04-07,0.2887198,False,train
2022-04-08,0.32211632,False,train
2022-04-09,0.33110738,False,train
2022-04-10,0.31488773,False,train
2022-04-11,0.31342033,False,train
2022-04-12,0.3042426,False,train
2022-04-13,0.3026352,False,train
2022-04-14,0.29610243,False,train
2022-04-15,0.29383674,False,train
2022-04-16,0.2895495,False,train
2022-04-17,0.30385438,False,train
2022-04-18,0.32135513,False,train
2022-04-19,0.3145619,False,train
2022-04-20,0.30751866,False,train
2022-04-21,0.30642143,False,train
2022-04-22,0.2803431,False,train
2022-04-23,0.30136183,False,train
2022-04-24,0.32839236,False,train
2022-04-25,0.34825796,False,train
2022-04-26,0.35532266,False,train
2022-04-27,0.3454611,False,train
2022-04-28,0.35333717,False,train
2022-04-29,0.3624347,False,train
2022-04-30,0.34457675,False,train
2022-05-01,0.3456531,False,train
2022-05-02,0.32509115,False,train
2022-05-03,0.32794842,False,train
2022-05-04,0.31706634,False,train
2022-05-05,0.29619145,False,train
2022-05-06,0.27033418,False,train
2022-05-07,0.2593334,False,train
2022-05-08,0.2541763,False,train
2022-05-09,0.27191603,False,train
2022-05-10,0.26625896,False,train
2022-05-11,0.27529672,False,train
2022-05-12,0.25935826,False,train
2022-05-13,0.2665481,False,train
2022-05-14,0.27409402,False,train
2022-05-15,0.24368295,False,train
2022-05-16,0.24625447,False,train
2022-05-17,0.25016853,False,train
2022-05-18,0.24089372,False,train
2022-05-19,0.24576811,False,train
2022-05-20,0.26788998,False,train
2022-05-21,0.25367287,False,train
2022-05-22,0.21698569,False,train
2022-05-23,0.22438124,False,train
2022-05-24,0.24345776,False,train
2022-05-25,0.25219285,False,train
2022-05-26,0.24133828,False,train
2022-05-27,0.24268119,False,train
2022-05-28,0.24992067,False,train
2022-05-29,0.27375442,False,train
2022-05-30,0.29773375,False,train
2022-05-31,0.2988864,False,train
2022-06-01,0.29120865,False,train
2022-06-02,0.27432057,False,train
2022-06-03,0.2821591,False,train
2022-06-04,0.27569902,False,train
2022-06-05,0.277211,False,train
2022-06-06,0.29943928,False,train
2022-06-07,0.31083822,False,train
2022-06-08,0.28978288,False,train
2022-06-09,0.27757263,False,train
2022-06-10,0.28410605,False,train
2022-06-11,0.28897083,False,train
2022-06-12,0.31390926,False,train
2022-06-13,0.31263968,False,train
2022-06-14,0.32034215,False,train
2022-06-15,0.3268379,False,train
2022-06-16,0.3165303,False,train
2022-06-17,0.33261508,False,train
2022-06-18,0.33910418,False,train
2022-06-19,0.33698872,False,train
2022-06-20,0.33909285,False,train
2022-06-21,0.3232039,False,train
2022-06-22,0.33315718,False,train
2022-06-23,0.32215214,False,train
2022-06-24,0.31675145,False,train
2022-06-25,0.32493603,False,train
2022-06-26,0.30265728,False,train
2022-06-27,0.27650696,False,train
2022-06-28,0.28723487,False,train
2022-06-29,0.317731,False,train
2022-06-30,0.31607336,False,train
2022-07-01,0.3283948,False,train
2022-07-02,0.32941985,False,train
2022-07-03,0.3313462,False,train
2022-07-04,0.33659878,False,train
2022-07-05,0.33715868,False,train
2022-07-06,0.33650902,False,train
2022-07-07,0.3232888,False,train
2022-07-08,0.33152968,False,train
2022-07-09,0.30993286,False,train
2022-07-10,0.2957647,False,train
2022-07-11,0.3006376,False,train
2022-07-12,0.291331,False,train
2022-07-13,0.28672144,False,train
2022-07-14,0.28127867,False,train
2022-07-15,0.27172488,False,train
2022-07-16,0.26123938,False,train
2022-07-17,0.28121132,False,train
2022-07-18,0.30863243,False,train
2022-07-19,0.2966751,False,train
2022-07-20,0.29860932,False,train
2022-07-21,0.28232032,False,train
2022-07-22,0.28730026,False,train
2022-07-23,0.2925003,False,train
2022-07-24,0.31437784,False,train
2022-07-25,0.34940532,False,train
2022-07-26,0.32746807,False,train
2022-07-27,0.2937276,False,train
2022-07-28,0.28658548,False,train
2022-07-29,0.29113773,False,train
2022-07-30,0.2906195,False,train
2022-07-31,0.28128242,False,train
2022-08-01,0.26605383,False,train
2022-08-02,0.26399916,False,train
2022-08-03,0.2597819,False,train
2022-08-04,0.26308814,False,train
2022-08-05,0.28385064,False,train
2022-08-06,0.27091244,False,train
2022-08-07,0.27236414,False,train
2022-08-08,0.27944046,False,train
2022-08-09,0.29136637,False,train
2022-08-10,0.2914014,False,train
2022-08-11,0.26604888,False,train
2022-08-12,0.2607252,False,train
2022-08-13,0.25345686,False,train
2022-08-14,0.23715445,False,train
2022-08-15,0.21491799,False,train
2022-08-16,0.21090375,False,train
2022-08-17,0.21611232,False,train
2022-08-18,0.22169843,False,train
2022-08-19,0.22519203,False,train
2022-08-20,0.22821651,False,train
2022-08-21,0.21009736,False,train
2022-08-22,0.20824873,False,train
2022-08-23,0.20856361,False,train
2022-08-24,0.21453941,False,train
2022-08-25,0.20883062,False,train
2022-08-26,0.21383657,False,train
2022-08-27,0.2159011,False,train
2022-08-28,0.21270645,False,train
2022-08-29,0.21784033,False,train
2022-08-30,0.21614623,False,train
2022-08-31,0.23222578,False,train
2022-09-01,0.22172236,False,train
2022-09-02,0.20955242,False,train
2022-09-03,0.21130876,False,train
2022-09-04,0.21574967,False,train
2022-09-05,0.21232463,False,train
2022-09-06,0.20801593,False,train
2022-09-07,0.22574078,False,train
2022-09-08,0.22170696,False,train
2022-09-09,0.22462922,False,train
2022-09-10,0.22208288,False,train
2022-09-11,0.23279233,False,train
2022-09-12,0.23273271,False,train
2022-09-13,0.22474122,False,train
2022-09-14,0.24345475,False,train
2022-09-15,0.24202223,False,train
2022-09-16,0.25062642,False,train
2022-09-17,0.24448203,False,train
2022-09-18,0.27239597,False,train
2022-09-19,0.26226676,False,train
2022-09-20,0.2466886,False,train
2022-09-21,0.25735033,False,train
2022-09-22,0.26216894,False,train
2022-09-23,0.25070253,False,train
2022-09-24,0.24119692,False,train
2022-09-25,0.2376679,False,train
2022-09-26,0.2467585,False,train
2022-09-27,0.24738666,False,train
2022-09-28,0.2540529,False,train
2022-09-29,0.25111854,False,train
2022-09-30,0.25149357,False,train
2022-10-01,0.2523078,False,train
2022-10-02,0.2425577,False,train
2022-10-03,0.25410116,False,train
2022-10-04,0.2472155,False,train
2022-10-05,0.26381513,False,train
2022-10-06,0.24944377,False,train
2022-10-07,0.2726139,False,train
2022-10-08,0.27184606,False,train
2022-10-09,0.2602666,False,train
2022-10-10,0.2577353,False,train
2022-10-11,0.2608056,False,train
2022-10-12,0.26326,False,train
2022-10-13,0.2546584,False,train
2022-10-14,0.26376033,False,train
2022-10-15,0.26032597,False,train
2022-10-16,0.25136986,False,train
2022-10-17,0.269688,False,train
2022-10-18,0.2813227,False,train
2022-10-19,0.29950464,False,train
2022-10-20,0.28198683,False,train
2022-10-21,0.30361965,False,train
2022-10-22,0.29666245,False,train
2022-10-23,0.27896628,False,train
2022-10-24,0.29816106,False,train
2022-10-25,0.29350635,False,train
2022-10-26,0.30076233,False,train
2022-10-27,0.29522964,False,train
2022-10-28,0.303878,False,train
2022-10-29,0.2921743,False,train
2022-10-30,0.27715918,False,train
2022-10-31,0.28316,False,train
2022-11-01,0.2744791,False,train
2022-11-02,0.2691886,False,train
2022-11-03,0.25883165,False,train
2022-11-04,0.28264296,False,train
2022-11-05,0.2709899,False,train
2022-11-06,0.26938227,False,train
2022-11-07,0.27311543,False,train
2022-11-08,0.28521645,False,train
2022-11-09,0.2847698,False,train
2022-11-10,0.292399,False,train
2022-11-11,0.30844146,False,train
2022-11-12,0.29837072,False,train
2022-11-13,0.28092986,False,train
2022-11-14,0.2955325,False,train
2022-11-15,0.27852973,False,train
2022-11-16,0.2723234,False,train
2022-11-17,0.2681487,False,train
2022-11-18,0.2784592,False,train
2022-11-19,0.28965327,False,train
2022-11-20,0.27565655,False,train
2022-11-21,0.2726412,False,train
2022-11-22,0.26521963,False,train
2022-11-23,0.25935754,False,train
2022-11-24,0.24914494,False,train
2022-11-25,0.2534231,False,train
2022-11-26,0.25200266,False,train
2022-11-27,0.27895054,False,train
2022-11-28,0.31702286,False,train
2022-11-29,0.3291615,False,train
2022-11-30,0.32814342,False,train
2022-12-01,0.31019348,False,train
2022-12-02,0.33693042,False,train
2022-12-03,0.34887028,False,train
2022-12-04,0.33909693,False,train
2022-12-05,0.323973,False,train
2022-12-06,0.34182784,False,train
2022-12-07,0.32320884,False,train
2022-12-08,0.32222867,False,train
2022-12-09,0.3091498,False,train
2022-12-10,0.30464187,False,train
2022-12-11,0.3083554,False,train
2022-12-12,0.3011467,False,train
2022-12-13,0.31598303,False,train
2022-12-14,0.31290856,False,train
2022-12-15,0.30285573,False,train
2022-12-16,0.29977655,False,train
2022-12-17,0.3067084,False,train
2022-12-18,0.33782494,False,train
2022-12-19,0.3119591,False,train
2022-12-20,0.3309414,False,train
2022-12-21,0.3066392,False,train
2022-12-22,0.3133513,False,train
2022-12-23,0.30671215,False,train
2022-12-24,0.33198875,False,train
2022-12-25,0.30650142,False,train
2022-12-26,0.28672266,False,train
2022-12-27,0.27315405,False,train
2022-12-28,0.24040979,False,train
2022-12-29,0.2615036,False,train
2022-12-30,0.267682,False,train
2022-12-31,0.2828728,False,train
2023-01-01,0.29824203,False,train
2023-01-02,0.26159582,False,train
2023-01-03,0.26113755,False,train
2023-01-04,0.29306406,False,train
2023-01-05,0.2883108,False,train
2023-01-06,0.3058979,False,train
2023-01-07,0.30384377,False,train
2023-01-08,0.2977987,False,train
2023-01-09,0.2880043,False,train
2023-01-10,0.288602,False,train
2023-01-11,0.28757516,False,train
2023-01-12,0.28305122,False,train
2023-01-13,0.27637565,False,train
2023-01-14,0.30751652,False,train
2023-01-15,0.2944298,False,train
2023-01-16,0.3067887,False,train
2023-01-17,0.32644522,False,train
2023-01-18,0.33504894,False,train
2023-01-19,0.3033734,False,train
2023-01-20,0.309422,False,train
2023-01-21,0.31080693,False,train
2023-01-22,0.29623494,False,train
2023-01-23,0.3315354,False,train
2023-01-24,0.34025013,False,train
2023-01-25,0.34557614,False,train
2023-01-26,0.3365373,False,train
2023-01-27,0.34654018,False,train
2023-01-28,0.31489468,False,train
2023-01-29,0.32457107,False,train
2023-01-30,0.30851716,False,train
2023-01-31,0.3182453,False,train
2023-02-01,0.32259056,False,train
2023-02-02,0.31175387,False,train
2023-02-03,0.3239545,False,train
2023-02-04,0.4781933,False,train
2023-02-05,0.49392372,False,train
2023-02-06,0.5065888,False,train
2023-02-07,0.50836253,False,train
2023-02-08,0.4742019,False,train
2023-02-09,0.47431558,False,train
2023-02-10,0.4394594,False,train
2023-02-11,0.43824795,False,train
2023-02-12,0.45103025,False,train
2023-02-13,0.45681882,False,train
2023-02-14,0.45384833,False,train
2023-02-15,0.44323137,False,train
2023-02-16,0.45245397,False,train
2023-02-17,0.42347425,False,train
2023-02-18,0.41183794,False,train
2023-02-19,0.41331762,False,train
2023-02-20,0.39620355,False,train
2023-02-21,0.38232163,False,train
2023-02-22,0.36139113,False,train
2023-02-23,0.35744536,False,train
2023-02-24,0.3632661,False,train
2023-02-25,0.38093698,False,train
2023-02-26,0.41304144,False,train
2023-02-27,0.41692206,False,train
2023-02-28,0.44452995,False,train
2023-03-01,0.4379946,False,train
2023-03-02,0.39718816,False,train
2023-03-03,0.39264762,False,train
2023-03-04,0.27385285,False,train
2023-03-05,0.27360046,False,train
2023-03-06,0.27210435,False,train
2023-03-07,0.26294184,False,train
2023-03-08,0.29035035,False,train
2023-03-09,0.28613642,False,train
2023-03-10,0.29961798,False,train
2023-03-11,0.29560393,False,train
2023-03-12,0.28863013,False,train
2023-03-13,0.30745712,False,train
2023-03-14,0.3163762,False,train
2023-03-15,0.29700303,False,train
2023-03-16,0.29731116,False,train
2023-03-17,0.29835185,False,train
2023-03-18,0.3224933,False,train
2023-03-19,0.31492293,False,train
2023-03-20,0.33008793,False,train
2023-03-21,0.31748077,False,train
2023-03-22,0.33557588,False,train
2023-03-23,0.32906175,False,train
2023-03-24,0.3406409,False,train
2023-03-25,0.3480273,False,train
2023-03-26,0.3442257,False,train
2023-03-27,0.3667889,False,train
2023-03-28,0.37891537,False,train
2023-03-29,0.3719721,False,train
2023-03-30,0.36501488,False,train
2023-03-31,0.38277847,False,train
2023-04-01,0.39560494,False,train
2023-04-02,0.38363186,False,train
2023-04-03,0.37489802,False,train
2023-04-04,0.3724213,False,train
2023-04-05,0.33892277,False,train
2023-04-06,0.33324552,False,train
2023-04-07,0.3495899,False,train
2023-04-08,0.3431825,False,train
2023-04-09,0.33741772,False,train
2023-04-10,0.33032075,False,train
2023-04-11,0.33385324,False,train
2023-04-12,0.34218928,False,train
2023-04-13,0.34005487,False,train
2023-04-14,0.32869858,False,train
2023-04-15,0.31865588,False,train
2023-04-16,0.30951008,False,train
2023-04-17,0.30192527,False,train
2023-04-18,0.286525,False,train
2023-04-19,0.28732035,False,train
2023-04-20,0.28412074,False,train
2023-04-21,0.27273074,False,train
2023-04-22,0.26405868,False,train
2023-04-23,0.26818198,False,train
2023-04-24,0.25745466,False,train
2023-04-25,0.2515682,False,train
2023-04-26,0.2545883,False,train
2023-04-27,0.25467822,False,train
2023-04-28,0.26740178,False,train
2023-04-29,0.2522183,False,train
2023-04-30,0.25705394,False,train
2023-05-01,0.25287226,False,train
2023-05-02,0.25765345,False,train
2023-05-03,0.26579383,False,train
2023-05-04,0.25283095,False,train
2023-05-05,0.25695267,False,train
2023-05-06,0.25228867,False,train
2023-05-07,0.23975515,False,train
2023-05-08,0.24997753,False,train
2023-05-09,0.25910288,False,train
2023-05-10,0.26552227,False,train
2023-05-11,0.29313338,False,train
2023-05-12,0.2972424,False,train
2023-05-13,0.318983,False,train
2023-05-14,0.35816297,False,train
2023-05-15,0.3470843,False,train
2023-05-16,0.36441436,False,train
2023-05-17,0.38833487,False,train
2023-05-18,0.3743386,False,train
2023-05-19,0.35325104,False,train
2023-05-20,0.35098255,False,train
2023-05-21,0.34791136,False,train
2023-05-22,0.3533777,False,train
2023-05-23,0.35878554,False,train
2023-05-24,0.38188833,False,train
2023-05-25,0.37689975,False,train
2023-05-26,0.37595472,False,train
2023-05-27,0.3720012,False,train
2023-05-28,0.39086506,False,train
2023-05-29,0.37751377,False,train
2023-05-30,0.38018712,False,train
2023-05-31,0.38967627,False,train
2023-06-01,0.38165048,False,train
2023-06-02,0.37456673,False,train
2023-06-03,0.36396688,False,train
2023-06-04,0.3621311,False,train
2023-06-05,0.3543867,False,train
2023-06-06,0.35043553,False,train
2023-06-07,0.34439424,False,train
2023-06-08,0.35287043,False,train
2023-06-09,0.3299692,False,train
2023-06-10,0.35791343,False,train
2023-06-11,0.33048752,False,train
2023-06-12,0.30457196,False,train
2023-06-13,0.3087294,False,train
2023-06-14,0.29915455,False,train
2023-06-15,0.28137466,False,train
2023-06-16,0.28433293,False,train
2023-06-17,0.3010243,False,train
2023-06-18,0.2927734,False,train
2023-06-19,0.26863456,False,train
2023-06-20,0.2634029,False,train
2023-06-21,0.2588876,False,train
2023-06-22,0.25234672,False,train
2023-06-23,0.24362573,False,train
2023-06-24,0.2509872,False,train
2023-06-25,0.25123218,False,train
2023-06-26,0.23374693,False,train
2023-06-27,0.241218,False,train
2023-06-28,0.24339177,False,train
2023-06-29,0.25090155,False,train
2023-06-30,0.2481436,False,train
2023-07-01,0.23692478,False,train
2023-07-02,0.24011476,False,train
2023-07-03,0.24379708,False,train
2023-07-04,0.25082812,False,train
2023-07-05,0.2498255,False,train
2023-07-06,0.26193202,False,train
2023-07-07,0.26338005,False,train
2023-07-08,0.27343175,False,train
2023-07-09,0.2866032,False,train
2023-07-10,0.3177123,False,train
2023-07-11,0.31663635,False,train
2023-07-12,0.3123573,False,train
2023-07-13,0.2861521,False,train
2023-07-14,0.26216808,False,train
2023-07-15,0.24435996,False,train
2023-07-16,0.28013042,False,train
2023-07-17,0.30816835,False,train
2023-07-18,0.29570797,False,train
2023-07-19,0.28110117,False,train
2023-07-20,0.31373942,False,train
2023-07-21,0.3296494,False,train
2023-07-22,0.31221655,False,train
2023-07-23,0.2946419,False,train
2023-07-24,0.30312228,False,train
2023-07-25,0.31444764,False,train
2023-07-26,0.2790264,False,train
2023-07-27,0.3073971,False,train
2023-07-28,0.31434456,False,train
2023-07-29,0.30593872,False,train
2023-07-30,0.3906244,False,train
2023-07-31,0.36363134,False,train
2023-08-01,0.36240447,False,train
2023-08-02,0.3652961,False,train
2023-08-03,0.33119,False,train
2023-08-04,0.3446463,False,train
2023-08-05,0.36812377,False,train
2023-08-06,0.3175074,False,train
2023-08-07,0.33217242,False,train
2023-08-08,0.3447285,False,train
2023-08-09,0.38494143,False,train
2023-08-10,0.45631906,False,train
2023-08-11,0.44958216,False,train
2023-08-12,0.45663872,False,train
2023-08-13,0.38567868,False,train
2023-08-14,0.35138193,False,train
2023-08-15,0.3427721,False,train
2023-08-16,0.33471403,False,train
2023-08-17,0.35672247,False,train
2023-08-18,0.35188842,False,train
2023-08-19,0.34272113,False,train
2023-08-20,0.38099632,False,train
2023-08-21,0.36019745,False,train
2023-08-22,0.3705564,False,train
2023-08-23,0.3525746,False,train
2023-08-24,0.3241504,False,train
2023-08-25,0.3512933,False,train
2023-08-26,0.36045125,False,train
2023-08-27,0.3678679,False,train
2023-08-28,0.37449905,False,train
2023-08-29,0.3705116,False,train
2023-08-30,0.37337127,False,train
2023-08-31,0.37576017,False,train
2023-09-01,0.3829382,False,train
2023-09-02,0.42105538,False,train
2023-09-03,0.40180948,False,train
2023-09-04,0.4028576,False,train
2023-09-05,0.37702855,False,train
2023-09-06,0.36510387,False,train
2023-09-07,0.39625162,False,train
2023-09-08,0.38456514,False,train
2023-09-09,0.41022855,False,train
2023-09-10,0.40342733,False,train
2023-09-11,0.38117388,False,train
2023-09-12,0.39139497,False,train
2023-09-13,0.40349475,False,train
2023-09-14,0.36758056,False,train
2023-09-15,0.3176234,False,train
2023-09-16,0.3483271,False,train
2023-09-17,0.33897224,False,train
2023-09-18,0.34601787,False,train
2023-09-19,0.33687308,False,train
2023-09-20,0.3492979,False,train
2023-09-21,0.35846144,False,train
2023-09-22,0.35381827,False,train
2023-09-23,0.35968918,False,train
2023-09-24,0.35328555,False,train
2023-09-25,0.360936,False,train
2023-09-26,0.3468673,False,train
2023-09-27,0.32542375,False,train
2023-09-28,0.33049062,False,train
2023-09-29,0.33207783,False,train
2023-09-30,0.32759112,False,train
2023-10-01,0.3299242,False,train
2023-10-02,0.34046245,False,train
2023-10-03,0.3455218,False,train
2023-10-04,0.3299018,False,train
2023-10-05,0.32721078,False,train
2023-10-06,0.3222376,False,train
2023-10-07,0.29098922,False,train
2023-10-08,0.27848396,False,train
2023-10-09,0.2902769,False,train
2023-10-10,0.29815352,False,train
2023-10-11,0.31418505,False,train
2023-10-12,0.30499262,False,train
2023-10-13,0.30880252,False,train
2023-10-14,0.31656483,False,train
2023-10-15,0.2929459,False,train
2023-10-16,0.29944032,False,train
2023-10-17,0.30197608,False,train
2023-10-18,0.30419564,False,train
2023-10-19,0.28936836,False,train
2023-10-20,0.28436816,False,train
2023-10-21,0.27831003,False,train
2023-10-22,0.27674603,False,train
2023-10-23,0.287649,False,train
2023-10-24,0.28726763,False,train
2023-10-25,0.30510366,False,train
2023-10-26,0.2977875,False,train
2023-10-27,0.29050785,False,train
2023-10-28,0.30173546,False,train
2023-10-29,0.28725982,False,train
2023-10-30,0.2894309,False,train
2023-10-31,0.30299726,False,train
2023-11-01,0.3022517,False,train
2023-11-02,0.27832407,False,train
2023-11-03,0.2621122,False,train
2023-11-04,0.25607675,False,train
2023-11-05,0.2433257,False,train
2023-11-06,0.2571854,False,train
2023-11-07,0.25087008,False,train
2023-11-08,0.2511684,False,train
2023-11-09,0.26795933,False,train
2023-11-10,0.25080433,False,train
2023-11-11,0.24930048,False,train
2023-11-12,0.26333848,False,train
2023-11-13,0.26174444,False,train
2023-11-14,0.26185334,False,train
2023-11-15,0.24695706,False,train
2023-11-16,0.24231319,False,train
2023-11-17,0.22941978,False,train
2023-11-18,0.21233153,False,train
2023-11-19,0.2251025,False,train
2023-11-20,0.21651433,False,train
2023-11-21,0.2141607,False,train
2023-11-22,0.19542198,False,train
2023-11-23,0.1807442,False,train
2023-11-24,0.20136417,False,train
2023-11-25,0.19004764,False,train
2023-11-26,0.20069793,False,train
2023-11-27,0.25774124,False,train
2023-11-28,0.28716868,False,train
2023-11-29,0.25499085,False,train
2023-11-30,0.25138527,False,train
2023-12-01,0.26198578,False,train
2023-12-02,0.2514042,False,train
2023-12-03,0.2566387,False,train
2023-12-04,0.26279098,False,train
2023-12-05,0.27094644,False,train
2023-12-06,0.266271,False,train
2023-12-07,0.23527291,False,train
2023-12-08,0.23873205,False,train
2023-12-09,0.2407311,False,train
2023-12-10,0.2513391,False,train
2023-12-11,0.21338663,False,train
2023-12-12,0.2462624,False,train
2023-12-13,0.26102328,False,train
2023-12-14,0.27808392,False,train
2023-12-15,0.27208275,False,train
2023-12-16,0.26349357,False,train
2023-12-17,0.28076604,False,train
2023-12-18,0.26977634,False,train
2023-12-19,0.3083448,False,train
2023-12-20,0.28313217,False,train
2023-12-21,0.28512993,False,train
2023-12-22,0.2967857,False,train
2023-12-23,0.31088865,False,train
2023-12-24,0.28116032,False,train
2023-12-25,0.27148956,False,train
2023-12-26,0.25951394,False,train
2023-12-27,0.2815899,False,train
2023-12-28,0.26727688,False,train
2023-12-29,0.2693241,False,train
2023-12-30,0.27975795,False,train
2023-12-31,0.29243305,False,train
2024-01-01,0.28436115,False,train
2024-01-02,0.28202403,False,train
2024-01-03,0.28193647,False,train
2024-01-04,0.28030053,False,train
2024-01-05,0.2897918,False,train
2024-01-06,0.28985226,False,train
2024-01-07,0.3014528,False,train
2024-01-08,0.27925253,False,train
2024-01-09,0.28577703,False,train
2024-01-10,0.3012277,False,train
2024-01-11,0.23821262,False,train
2024-01-12,0.23386641,False,train
2024-01-13,0.24420951,False,train
2024-01-14,0.27286583,False,train
2024-01-15,0.27574757,False,train
2024-01-16,0.26403904,False,train
2024-01-17,0.2627063,False,train
2024-01-18,0.26648086,False,train
2024-01-19,0.260045,False,train
2024-01-20,0.25848052,False,train
2024-01-21,0.24085084,False,train
2024-01-22,0.23625647,False,train
2024-01-23,0.23786554,False,train
2024-01-24,0.2466191,False,train
2024-01-25,0.24129829,False,train
2024-01-26,0.24827652,False,train
2024-01-27,0.25142092,False,train
2024-01-28,0.23306903,False,train
2024-01-29,0.23777047,False,train
2024-01-30,0.22616553,False,train
2024-01-31,0.22218888,False,train
2024-02-01,0.21104091,False,train
2024-02-02,0.21763086,False,train
2024-02-03,0.22858079,False,train
2024-02-04,0.22749785,False,train
2024-02-05,0.24209929,False,train
2024-02-06,0.25132656,False,train
2024-02-07,0.26311752,False,train
2024-02-08,0.2855131,False,train
2024-02-09,0.29037938,False,train
2024-02-10,0.30688044,False,train
2024-02-11,0.28876874,False,train
2024-02-12,0.28501904,False,train
2024-02-13,0.28522432,False,train
2024-02-14,0.27110422,False,train
2024-02-15,0.2486621,False,train
2024-02-16,0.2748414,False,train
2024-02-17,0.2914651,False,train
2024-02-18,0.29712418,False,train
2024-02-19,0.2984059,False,train
2024-02-20,0.29826084,False,train
2024-02-21,0.29950684,False,train
2024-02-22,0.29642466,False,train
2024-02-23,0.29005718,False,train
2024-02-24,0.29449576,False,train
2024-02-25,0.301167,False,train
2024-02-26,0.315151,False,train
2024-02-27,0.30229744,False,train
2024-02-28,0.29598516,False,train
2024-02-29,0.28018084,False,train
2024-03-01,0.28512755,False,train
2024-03-02,0.29529047,False,train
2024-03-03,0.3011051,False,train
2024-03-04,0.33719343,False,train
2024-03-05,0.3549457,False,train
2024-03-06,0.34876996,False,train
2024-03-07,0.355683,False,train
2024-03-08,0.37979952,False,train
2024-03-09,0.38880923,False,train
2024-03-10,0.3631025,False,train
2024-03-11,0.358566,False,train
2024-03-12,0.33448756,False,train
2024-03-13,0.35433865,False,train
2024-03-14,0.3533405,False,train
2024-03-15,0.35483336,False,train
2024-03-16,0.35964584,False,train
2024-03-17,0.35987955,False,train
2024-03-18,0.34478828,False,train
2024-03-19,0.35416377,False,train
2024-03-20,0.33666664,False,train
2024-03-21,0.33248502,False,train
2024-03-22,0.33285138,False,train
2024-03-23,0.3284868,False,train
2024-03-24,0.33421546,False,train
2024-03-25,0.34692803,False,train
2024-03-26,0.36212334,False,train
2024-03-27,0.3680368,False,train
2024-03-28,0.3680874,False,train
2024-03-29,0.3909396,False,train
2024-03-30,0.3778252,False,train
2024-03-31,0.41038597,False,train
2024-04-01,0.43063846,False,train
2024-04-02,0.44225532,False,train
2024-04-03,0.3996675,False,train
2024-04-04,0.420399,False,train
2024-04-05,0.4271418,False,train
2024-04-06,0.4522381,False,train
2024-04-07,0.40961835,False,train
2024-04-08,0.4114339,False,train
2024-04-09,0.45431417,False,train
2024-04-10,0.49446037,False,train
2024-04-11,0.4856657,False,train
2024-04-12,0.42743668,False,train
2024-04-13,0.34724027,False,train
2024-04-14,0.32487583,False,train
2024-04-15,0.36487877,False,train
2024-04-16,0.4447123,False,train
2024-04-17,0.5926468,False,train
2024-04-18,0.86209816,False,calibration
2024-04-19,1.0668408,False,calibration
2024-04-20,1.2197666,True,calibration
2024-04-21,1.2868311,True,calibration
2024-04-22,1.3351903,True,calibration
2024-04-23,1.340095,True,calibration
2024-04-24,1.2574421,True,calibration
2024-04-25,1.1745173,True,calibration
2024-04-26,1.1324767,True,calibration
2024-04-27,1.0811934,True,calibration
2024-04-28,0.9451978,False,calibration
2024-04-29,0.72106075,False,calibration
2024-04-30,0.5786011,False,calibration
2024-05-01,0.55834526,False,calibration
2024-05-02,0.5426865,False,calibration
2024-05-03,0.5571112,False,calibration
2024-05-04,0.5403174,False,calibration
2024-05-05,0.5411542,False,calibration
2024-05-06,0.54126215,False,calibration
2024-05-07,0.5433071,False,calibration
2024-05-08,0.5233634,False,calibration
2024-05-09,0.53831047,False,calibration
2024-05-10,0.5219666,False,calibration
2024-05-11,0.4923763,False,calibration
2024-05-12,0.53026634,False,calibration
2024-05-13,0.5483235,False,calibration
2024-05-14,0.54266256,False,calibration
2024-05-15,0.52213496,False,calibration
2024-05-16,0.5042967,False,calibration
2024-05-17,0.5138665,False,calibration
2024-05-18,0.5144805,False,calibration
2024-05-19,0.55217844,False,calibration
2024-05-20,0.5272733,False,calibration
2024-05-21,0.51052725,False,calibration
2024-05-22,0.5194742,False,calibration
2024-05-23,0.57687163,False,calibration
2024-05-24,0.61044717,False,calibration
2024-05-25,0.6567201,False,calibration
2024-05-26,0.6535455,False,calibration
2024-05-27,0.6456316,False,calibration
2024-05-28,0.64207596,False,calibration
2024-05-29,0.6007408,False,calibration
2024-05-30,0.6226857,False,calibration
2024-05-31,0.6711795,False,calibration
2024-06-01,0.6901142,False,calibration
2024-06-02,0.74826646,False,calibration
2024-06-03,0.76623887,False,calibration
2024-06-04,0.773015,False,calibration
2024-06-05,0.8155399,False,calibration
2024-06-06,0.8591961,False,calibration
2024-06-07,0.88289565,False,calibration
2024-06-08,0.86014086,False,calibration
2024-06-09,0.8702594,False,calibration
2024-06-10,0.8699267,False,calibration
2024-06-11,0.8862417,False,calibration
2024-06-12,0.8850866,False,calibration
2024-06-13,0.87819165,False,calibration
2024-06-14,0.8634164,False,calibration
2024-06-15,0.7991522,False,calibration
2024-06-16,0.77229136,False,calibration
2024-06-17,0.72786087,False,calibration
2024-06-18,0.70719206,False,calibration
2024-06-19,0.6919387,False,calibration
2024-06-20,0.6223201,False,calibration
2024-06-21,0.57415617,False,calibration
2024-06-22,0.5765475,False,calibration
2024-06-23,0.55257404,False,calibration
2024-06-24,0.5092433,False,calibration
2024-06-25,0.49047256,False,calibration
2024-06-26,0.45683178,False,calibration
2024-06-27,0.41995245,False,calibration
2024-06-28,0.3978812,False,calibration
2024-06-29,0.37137753,False,calibration
2024-06-30,0.37103906,False,calibration
2024-07-01,0.40243393,False,calibration
2024-07-02,0.41664574,False,calibration
2024-07-03,0.41033176,False,calibration
2024-07-04,0.40104216,False,calibration
2024-07-05,0.45181566,False,calibration
2024-07-06,0.47050643,False,calibration
2024-07-07,0.4831322,False,calibration
2024-07-08,0.4710381,False,calibration
2024-07-09,0.48689649,False,calibration
2024-07-10,0.46139058,False,calibration
2024-07-11,0.4769149,False,calibration
2024-07-12,0.48445016,False,calibration
2024-07-13,0.4932586,False,calibration
2024-07-14,0.5398669,False,calibration
2024-07-15,0.5442667,False,calibration
2024-07-16,0.5291005,False,calibration
2024-07-17,0.5755983,False,calibration
2024-07-18,0.606692,False,calibration
2024-07-19,0.6247583,False,calibration
2024-07-20,0.60503805,False,calibration
2024-07-21,0.6204798,False,calibration
2024-07-22,0.6418219,False,calibration
2024-07-23,0.6939335,False,calibration
2024-07-24,0.72056013,False,calibration
2024-07-25,0.7832784,False,calibration
2024-07-26,0.82198745,False,calibration
2024-07-27,0.86210734,False,calibration
2024-07-28,0.83879644,False,calibration
2024-07-29,0.87965685,False,calibration
2024-07-30,0.8818634,False,calibration
2024-07-31,0.88097024,False,calibration
2024-08-01,0.79211295,False,calibration
2024-08-02,0.7772333,False,calibration
2024-08-03,0.77405083,False,calibration
2024-08-04,0.7676228,False,calibration
2024-08-05,0.78247213,False,calibration
2024-08-06,0.8005137,False,calibration
2024-08-07,0.8041335,False,calibration
2024-08-08,0.7913036,False,calibration
2024-08-09,0.7789561,False,calibration
2024-08-10,0.7739265,False,calibration
2024-08-11,0.7769417,False,calibration
2024-08-12,0.78860307,False,calibration
2024-08-13,0.79143655,False,calibration
2024-08-14,0.7768551,False,calibration
2024-08-15,0.7646407,False,calibration
2024-08-16,0.7549936,False,calibration
2024-08-17,0.7266935,False,calibration
2024-08-18,0.7119536,False,calibration
2024-08-19,0.7457499,False,calibration
2024-08-20,0.7225057,False,calibration
2024-08-21,0.6874006,False,calibration
2024-08-22,0.6384126,False,calibration
2024-08-23,0.6089026,False,calibration
2024-08-24,0.58473724,False,calibration
2024-08-25,0.60531926,False,calibration
2024-08-26,0.5835066,False,calibration
2024-08-27,0.6031573,False,calibration
2024-08-28,0.601032,False,calibration
2024-08-29,0.5749881,False,calibration
2024-08-30,0.5975166,False,calibration
2024-08-31,0.58986336,False,calibration
2024-09-01,0.5818417,False,calibration
2024-09-02,0.57145584,False,calibration
2024-09-03,0.5745976,False,calibration
2024-09-04,0.56242657,False,calibration
2024-09-05,0.5466189,False,calibration
2024-09-06,0.54017484,False,calibration
2024-09-07,0.47061035,False,calibration
2024-09-08,0.4545628,False,calibration
2024-09-09,0.48620957,False,calibration
2024-09-10,0.43502823,False,calibration
2024-09-11,0.4151422,False,calibration
2024-09-12,0.4240223,False,calibration
2024-09-13,0.46561795,False,calibration
2024-09-14,0.44925174,False,calibration
2024-09-15,0.47019425,False,calibration
2024-09-16,0.46203905,False,calibration
2024-09-17,0.48149127,False,calibration
2024-09-18,0.4744903,False,calibration
2024-09-19,0.47328478,False,calibration
2024-09-20,0.46884432,False,calibration
2024-09-21,0.43990183,False,calibration
2024-09-22,0.47255918,False,calibration
2024-09-23,0.47351342,False,calibration
2024-09-24,0.45594025,False,calibration
2024-09-25,0.4647835,False,calibration
2024-09-26,0.49001116,False,calibration
2024-09-27,0.50253135,False,calibration
2024-09-28,0.53097194,False,calibration
2024-09-29,0.5470183,False,calibration
2024-09-30,0.5690291,False,calibration
2024-10-01,0.58890015,False,calibration
2024-10-02,0.59430254,False,calibration
2024-10-03,0.6202058,False,calibration
2024-10-04,0.5976586,False,calibration
2024-10-05,0.6061419,False,calibration
2024-10-06,0.5699802,False,calibration
2024-10-07,0.57833487,False,calibration
2024-10-08,0.54566926,False,calibration
2024-10-09,0.5335212,False,calibration
2024-10-10,0.5433045,False,calibration
2024-10-11,0.5484922,False,calibration
2024-10-12,0.5495455,False,calibration
2024-10-13,0.5486738,False,calibration
2024-10-14,0.5399619,False,calibration
2024-10-15,0.5340021,False,calibration
2024-10-16,0.5602884,False,calibration
2024-10-17,0.5490671,False,calibration
2024-10-18,0.5495212,False,calibration
2024-10-19,0.53656465,False,calibration
2024-10-20,0.5535475,False,calibration
2024-10-21,0.5654816,False,calibration
2024-10-22,0.5623202,False,calibration
2024-10-23,0.60107565,False,calibration
2024-10-24,0.63328314,False,calibration
2024-10-25,0.65142566,False,calibration
2024-10-26,0.62069196,False,calibration
2024-10-27,0.68615746,False,calibration
2024-10-28,0.6877225,False,calibration
2024-10-29,0.68282425,False,calibration
2024-10-30,0.64928615,False,calibration
2024-10-31,0.5954834,False,calibration
2024-11-01,0.56166077,False,calibration
2024-11-02,0.5589978,False,calibration
2024-11-03,0.588018,False,calibration
2024-11-04,0.6087931,False,calibration
2024-11-05,0.62517136,False,calibration
2024-11-06,0.60942394,False,calibration
2024-11-07,0.60091186,False,calibration
2024-11-08,0.5661353,False,calibration
2024-11-09,0.57602286,False,calibration
2024-11-10,0.5770039,False,calibration
2024-11-11,0.58254254,False,calibration
2024-11-12,0.61534154,False,calibration
2024-11-13,0.6364866,False,calibration
2024-11-14,0.6573451,False,calibration
2024-11-15,0.67355984,False,calibration
2024-11-16,0.6521989,False,calibration
2024-11-17,0.6465518,False,calibration
2024-11-18,0.6817446,False,calibration
2024-11-19,0.7125359,False,calibration
2024-11-20,0.70348155,False,calibration
2024-11-21,0.7616876,False,calibration
2024-11-22,0.78578126,False,calibration
2024-11-23,0.7407406,False,calibration
2024-11-24,0.70000404,False,calibration
2024-11-25,0.731771,False,calibration
2024-11-26,0.7488781,False,calibration
2024-11-27,0.7305088,False,calibration
2024-11-28,0.7234861,False,calibration
2024-11-29,0.7709164,False,calibration
2024-11-30,0.7609452,False,calibration
2024-12-01,0.7805564,False,calibration
2024-12-02,0.7792684,False,calibration
2024-12-03,0.78297156,False,calibration
2024-12-04,0.76389277,False,calibration
2024-12-05,0.74111265,False,calibration
2024-12-06,0.80826324,False,calibration
2024-12-07,0.808365,False,calibration
2024-12-08,0.8625098,False,calibration
2024-12-09,0.8316747,False,calibration
2024-12-10,0.85259074,False,calibration
2024-12-11,0.83496726,False,calibration
2024-12-12,0.8071644,False,calibration
2024-12-13,0.775263,False,calibration
2024-12-14,0.7351397,False,calibration
2024-12-15,0.79144794,False,calibration
2024-12-16,0.7942684,False,calibration
2024-12-17,0.8280195,False,calibration
2024-12-18,0.80814373,False,calibration
2024-12-19,0.7928469,False,calibration
2024-12-20,0.76131874,False,calibration
2024-12-21,0.7441577,False,calibration
2024-12-22,0.76484084,False,calibration
2024-12-23,0.7779542,False,calibration
2024-12-24,0.85365695,False,calibration
2024-12-25,0.897182,False,calibration
2024-12-26,0.9793778,False,calibration
2024-12-27,1.011285,False,calibration
2024-12-28,0.9685321,False,calibration
2024-12-29,0.8527546,False,calibration
2024-12-30,0.8466697,False,calibration
2024-12-31,0.889073,False,calibration
2025-01-01,0.90284973,False,calibration
2025-01-02,0.91718185,False,calibration
2025-01-03,0.90468854,False,calibration
2025-01-04,0.89724296,False,calibration
2025-01-05,0.8369278,False,calibration
2025-01-06,0.82716113,False,calibration
2025-01-07,0.8392701,False,calibration
2025-01-08,0.8523009,False,calibration
2025-01-09,0.8401287,False,calibration
2025-01-10,0.827714,False,calibration
2025-01-11,0.77481747,False,calibration
2025-01-12,0.7453178,False,calibration
2025-01-13,0.7671927,False,calibration
2025-01-14,0.7734936,False,calibration
2025-01-15,0.79681426,False,calibration
2025-01-16,0.7794441,False,calibration
2025-01-17,0.77146924,False,calibration
2025-01-18,0.7664523,False,calibration
2025-01-19,0.75393057,False,calibration
2025-01-20,0.74282545,False,calibration
2025-01-21,0.66472083,False,calibration
2025-01-22,0.6925998,False,calibration
2025-01-23,0.6868429,False,calibration
2025-01-24,0.69968957,False,calibration
2025-01-25,0.7175701,False,calibration
2025-01-26,0.7598715,False,calibration
2025-01-27,0.73737437,False,calibration
2025-01-28,0.7437703,False,calibration
2025-01-29,0.73721147,False,calibration
2025-01-30,0.71096647,False,calibration
2025-01-31,0.7160601,False,calibration
2025-02-01,0.7455417,False,calibration
2025-02-02,0.8220799,False,calibration
2025-02-03,0.8890066,False,calibration
2025-02-04,0.988738,False,calibration
2025-02-05,0.97568345,False,calibration
2025-02-06,1.001384,False,calibration
2025-02-07,1.070408,False,calibration
2025-02-08,1.1062531,True,calibration
2025-02-09,1.1688496,True,calibration
2025-02-10,1.203424,True,calibration
2025-02-11,1.205118,True,calibration
2025-02-12,1.1743525,True,calibration
2025-02-13,1.1569445,True,calibration
2025-02-14,1.1823006,True,calibration
2025-02-15,1.2557844,True,calibration
2025-02-16,1.2347358,True,calibration
2025-02-17,1.2540861,True,calibration
2025-02-18,1.2522682,True,calibration
2025-02-19,1.281476,True,calibration
2025-02-20,1.2986709,True,calibration
2025-02-21,1.3131002,True,calibration
2025-02-22,1.3269097,True,calibration
2025-02-23,1.2487154,True,calibration
2025-02-24,1.2258912,True,calibration
2025-02-25,1.215107,True,calibration
2025-02-26,1.2008897,True,calibration
2025-02-27,1.1828618,True,calibration
2025-02-28,1.2220205,True,calibration
2025-03-01,1.2404175,True,calibration
2025-03-02,1.1892154,True,calibration
2025-03-03,1.1457425,True,calibration
2025-03-04,1.0754659,False,calibration
2025-03-05,1.0609435,False,calibration
2025-03-06,1.0368097,False,calibration
2025-03-07,1.0324819,False,calibration
2025-03-08,1.0609447,False,calibration
2025-03-09,0.9875093,False,calibration
2025-03-10,0.940791,False,calibration
2025-03-11,0.8659513,False,calibration
2025-03-12,0.86063147,False,calibration
2025-03-13,0.8772397,False,calibration
2025-03-14,0.8942283,False,calibration
2025-03-15,0.90755075,False,calibration
2025-03-16,0.89241683,False,calibration
2025-03-17,0.8403758,False,calibration
2025-03-18,0.77649784,False,calibration
2025-03-19,0.7327237,False,calibration
2025-03-20,0.675948,False,calibration
2025-03-21,0.657885,False,calibration
2025-03-22,0.6950384,False,calibration
2025-03-23,0.710807,False,calibration
2025-03-24,0.6952253,False,calibration
2025-03-25,0.66984487,False,calibration
2025-03-26,0.6291971,False,calibration
2025-03-27,0.57654136,False,calibration
2025-03-28,0.5780734,False,calibration
2025-03-29,0.5639834,False,calibration
2025-03-30,0.5593991,False,calibration
2025-03-31,0.58453125,False,calibration
2025-04-01,0.614765,False,calibration
2025-04-02,0.6093262,False,calibration
2025-04-03,0.62739927,False,calibration
2025-04-04,0.64428675,False,calibration
2025-04-05,0.63547283,False,calibration
2025-04-06,0.60801786,False,calibration
2025-04-07,0.6470152,False,calibration
2025-04-08,0.67135245,False,calibration
2025-04-09,0.68932074,False,calibration
2025-04-10,0.68184865,False,calibration
2025-04-11,0.66962534,False,calibration
2025-04-12,0.65268064,False,calibration
2025-04-13,0.6516859,False,calibration
2025-04-14,0.6768133,False,calibration
2025-04-15,0.6596712,False,holdout
2025-04-16,0.6555616,False,holdout
2025-04-17,0.63273823,False,holdout
2025-04-18,0.66851485,False,holdout
2025-04-19,0.6707776,False,holdout
2025-04-20,0.7199896,False,holdout
2025-04-21,0.7133412,False,holdout
2025-04-22,0.73478115,False,holdout
2025-04-23,0.7138931,False,holdout
2025-04-24,0.69573015,False,holdout
2025-04-25,0.68817616,False,holdout
2025-04-26,0.69158435,False,holdout
2025-04-27,0.67946184,False,holdout
2025-04-28,0.67670715,False,holdout
2025-04-29,0.6878317,False,holdout
2025-04-30,0.6902913,False,holdout
2025-05-01,0.66354334,False,holdout
2025-05-02,0.64210176,False,holdout
2025-05-03,0.64433783,False,holdout
2025-05-04,0.61988676,False,holdout
2025-05-05,0.63455075,False,holdout
2025-05-06,0.633987,False,holdout
2025-05-07,0.5744852,False,holdout
2025-05-08,0.5625731,False,holdout
2025-05-09,0.54928344,False,holdout
2025-05-10,0.563778,False,holdout
2025-05-11,0.59095997,False,holdout
2025-05-12,0.5931786,False,holdout
2025-05-13,0.5592221,False,holdout
2025-05-14,0.55006486,False,holdout
2025-05-15,0.5536671,False,holdout
2025-05-16,0.5753353,False,holdout
2025-05-17,0.5763433,False,holdout
2025-05-18,0.5381685,False,holdout
2025-05-19,0.5419443,False,holdout
2025-05-20,0.5760341,False,holdout
2025-05-21,0.56032354,False,holdout
2025-05-22,0.58053344,False,holdout
2025-05-23,0.55885005,False,holdout
2025-05-24,0.5456882,False,holdout
2025-05-25,0.57714516,False,holdout
2025-05-26,0.59887534,False,holdout
2025-05-27,0.5851728,False,holdout
2025-05-28,0.5810202,False,holdout
2025-05-29,0.60210884,False,holdout
2025-05-30,0.62064165,False,holdout
2025-05-31,0.6173818,False,holdout
2025-06-01,0.64861506,False,holdout
2025-06-02,0.6373722,False,holdout
2025-06-03,0.6187837,False,holdout
2025-06-04,0.6076605,False,holdout
2025-06-05,0.6168824,False,holdout
2025-06-06,0.5787921,False,holdout
2025-06-07,0.5939087,False,holdout
2025-06-08,0.58597237,False,holdout
2025-06-09,0.5714472,False,holdout
2025-06-10,0.56975585,False,holdout
2025-06-11,0.5619849,False,holdout
2025-06-12,0.56208843,False,holdout
2025-06-13,0.55975413,False,holdout
2025-06-14,0.5703019,False,holdout
2025-06-15,0.5638026,False,holdout
2025-06-16,0.5543173,False,holdout
2025-06-17,0.54994315,False,holdout
2025-06-18,0.5731559,False,holdout
2025-06-19,0.5558063,False,holdout
2025-06-20,0.5573214,False,holdout
2025-06-21,0.5894265,False,holdout
2025-06-22,0.6105135,False,holdout
2025-06-23,0.6689071,False,holdout
2025-06-24,0.6699334,False,holdout
2025-06-25,0.6941171,False,holdout
2025-06-26,0.7022389,False,holdout
2025-06-27,0.7152732,False,holdout
2025-06-28,0.76745135,False,holdout
2025-06-29,0.7948074,False,holdout
2025-06-30,0.7710426,False,holdout
2025-07-01,0.7625519,False,holdout
2025-07-02,0.7263846,False,holdout
2025-07-03,0.73841727,False,holdout
2025-07-04,0.748367,False,holdout
2025-07-05,0.7587677,False,holdout
2025-07-06,0.7459359,False,holdout
2025-07-07,0.79854953,False,holdout
2025-07-08,0.8715957,False,holdout
2025-07-09,0.90380204,False,holdout
2025-07-10,0.9197669,False,holdout
2025-07-11,0.92400515,False,holdout
2025-07-12,0.9133759,False,holdout
2025-07-13,0.9401315,False,holdout
2025-07-14,0.90390444,False,holdout
2025-07-15,0.8817561,False,holdout
2025-07-16,0.9241715,False,holdout
2025-07-17,0.95965636,False,holdout
2025-07-18,0.92690796,False,holdout
2025-07-19,0.90035975,False,holdout
2025-07-20,0.88352823,False,holdout
2025-07-21,0.8861052,False,holdout
2025-07-22,0.8818707,False,holdout
2025-07-23,0.8465306,False,holdout
2025-07-24,0.8410107,False,holdout
2025-07-25,0.81921047,False,holdout
2025-07-26,0.883895,False,holdout
2025-07-27,0.9343235,False,holdout
2025-07-28,0.91157335,False,holdout
2025-07-29,0.8708902,False,holdout
2025-07-30,0.83587736,False,holdout
2025-07-31,0.8337262,False,holdout
2025-08-01,0.8033663,False,holdout
2025-08-02,0.77688223,False,holdout
2025-08-03,0.7128611,False,holdout
2025-08-04,0.70831704,False,holdout
2025-08-05,0.77055997,False,holdout
2025-08-06,0.72824913,False,holdout
2025-08-07,0.6928849,False,holdout
2025-08-08,0.72504944,False,holdout
2025-08-09,0.74492604,False,holdout
2025-08-10,0.7430506,False,holdout
2025-08-11,0.7306177,False,holdout
2025-08-12,0.74841166,False,holdout
2025-08-13,0.74778557,False,holdout
2025-08-14,0.7111548,False,holdout
2025-08-15,0.73244965,False,holdout
2025-08-16,0.7435107,False,holdout
2025-08-17,0.7676556,False,holdout
2025-08-18,0.7741217,False,holdout
2025-08-19,0.7630289,False,holdout
2025-08-20,0.7435022,False,holdout
2025-08-21,0.7105986,False,holdout
2025-08-22,0.6779587,False,holdout
2025-08-23,0.6907885,False,holdout
2025-08-24,0.6827667,False,holdout
2025-08-25,0.68648475,False,holdout
2025-08-26,0.67446697,False,holdout
2025-08-27,0.65732163,False,holdout
2025-08-28,0.6235531,False,holdout
2025-08-29,0.6294092,False,holdout
2025-08-30,0.62841934,False,holdout
2025-08-31,0.61706585,False,holdout
2025-09-01,0.6188182,False,holdout
2025-09-02,0.6064732,False,holdout
2025-09-03,0.5684362,False,holdout
2025-09-04,0.5586059,False,holdout
2025-09-05,0.5398195,False,holdout
2025-09-06,0.54047626,False,holdout
2025-09-07,0.5517223,False,holdout
2025-09-08,0.58541185,False,holdout
2025-09-09,0.6031867,False,holdout
2025-09-10,0.5912183,False,holdout
2025-09-11,0.6031812,False,holdout
2025-09-12,0.57246006,False,holdout
2025-09-13,0.56751096,False,holdout
2025-09-14,0.5985425,False,holdout
2025-09-15,0.6470349,False,holdout
2025-09-16,0.67779016,False,holdout
2025-09-17,0.6744073,False,holdout
2025-09-18,0.68715906,False,holdout
2025-09-19,0.7129803,False,holdout
2025-09-20,0.68641716,False,holdout
2025-09-21,0.69018036,False,holdout
2025-09-22,0.70506316,False,holdout
2025-09-23,0.6758914,False,holdout
2025-09-24,0.67247176,False,holdout
2025-09-25,0.6937929,False,holdout
2025-09-26,0.6761537,False,holdout
2025-09-27,0.65776604,False,holdout
2025-09-28,0.6877107,False,holdout
2025-09-29,0.7084514,False,holdout
2025-09-30,0.71871716,False,holdout
2025-10-01,0.70186514,False,holdout
2025-10-02,0.67277026,False,holdout
2025-10-03,0.66229975,False,holdout
2025-10-04,0.6643983,False,holdout
2025-10-05,0.7086693,False,holdout
2025-10-06,0.73210746,False,holdout
2025-10-07,0.7264789,False,holdout
2025-10-08,0.7112994,False,holdout
2025-10-09,0.72566754,False,holdout
2025-10-10,0.7317475,False,holdout
2025-10-11,0.77460676,False,holdout
2025-10-12,0.79567546,False,holdout
2025-10-13,0.81438535,False,holdout
2025-10-14,0.7676848,False,holdout
2025-10-15,0.69945073,False,holdout
2025-10-16,0.653268,False,holdout
2025-10-17,0.62547624,False,holdout
2025-10-18,0.6161841,False,holdout
2025-10-19,0.6246361,False,holdout
2025-10-20,0.6191364,False,holdout
2025-10-21,0.6374941,False,holdout
2025-10-22,0.6138089,False,holdout
2025-10-23,0.6425472,False,holdout
2025-10-24,0.6295278,False,holdout
2025-10-25,0.6372206,False,holdout
2025-10-26,0.6357488,False,holdout
2025-10-27,0.65957993,False,holdout
2025-10-28,0.7147805,False,holdout
2025-10-29,0.69820565,False,holdout
2025-10-30,0.6893756,False,holdout
2025-10-31,0.6988721,False,holdout
2025-11-01,0.7205199,False,holdout
2025-11-02,0.68995726,False,holdout
2025-11-03,0.7032461,False,holdout
2025-11-04,0.71125424,False,holdout
2025-11-05,0.7055164,False,holdout
2025-11-06,0.7335297,False,holdout
2025-11-07,0.7422436,False,holdout
2025-11-08,0.72184986,False,holdout
2025-11-09,0.7079064,False,holdout
2025-11-10,0.71860284,False,holdout
2025-11-11,0.74959075,False,holdout
2025-11-12,0.76173574,False,holdout
2025-11-13,0.7859453,False,holdout
2025-11-14,0.79013485,False,holdout
2025-11-15,0.80143034,False,holdout
2025-11-16,0.7681519,False,holdout
2025-11-17,0.81618756,False,holdout
2025-11-18,0.7995256,False,holdout
2025-11-19,0.8090823,False,holdout
2025-11-20,0.7799924,False,holdout
2025-11-21,0.81866467,False,holdout
2025-11-22,0.8153699,False,holdout
2025-11-23,0.8363014,False,holdout
2025-11-24,0.87599623,False,holdout
2025-11-25,0.8675172,False,holdout
2025-11-26,0.88078946,False,holdout
2025-11-27,0.88160217,False,holdout
2025-11-28,0.8957567,False,holdout
2025-11-29,0.8717337,False,holdout
2025-11-30,0.9287484,False,holdout
2025-12-01,1.0055535,False,holdout
2025-12-02,1.0056797,False,holdout
2025-12-03,0.93244565,False,holdout
2025-12-04,0.96477884,False,holdout
2025-12-05,1.0299377,False,holdout
2025-12-06,1.025013,False,holdout
2025-12-07,1.0665616,False,holdout
2025-12-08,1.0848392,True,holdout
2025-12-09,1.0882307,True,holdout
2025-12-10,1.0736016,False,holdout
2025-12-11,1.0788218,False,holdout
2025-12-12,1.0811149,True,holdout
2025-12-13,1.0644827,False,holdout
2025-12-14,1.1449802,True,holdout
2025-12-15,1.0930307,True,holdout
2025-12-16,1.1476893,True,holdout
2025-12-17,1.18801,True,holdout
2025-12-18,1.1531886,True,holdout
2025-12-19,1.1275156,True,holdout
2025-12-20,1.1614308,True,holdout
2025-12-21,1.1795584,True,holdout
2025-12-22,1.2412189,True,holdout
2025-12-23,1.2632294,True,holdout
2025-12-24,1.3693104,True,holdout
2025-12-25,1.4676691,True,holdout
2025-12-26,1.551257,True,holdout
2025-12-27,1.5360451,True,holdout
2025-12-28,1.300185,True,holdout
2025-12-29,1.3283236,True,holdout
2025-12-30,1.3549781,True,holdout
2025-12-31,1.3411143,True,holdout
2026-01-01,1.4012495,True,holdout
2026-01-02,1.34625,True,holdout
2026-01-03,1.2577257,True,holdout
2026-01-04,1.2127818,True,holdout
2026-01-05,1.2238394,True,holdout
2026-01-06,1.2726638,True,holdout
2026-01-07,1.3158432,True,holdout
2026-01-08,1.2681758,True,holdout
2026-01-09,1.1734781,True,holdout
2026-01-10,1.1392847,True,holdout
2026-01-11,1.1650136,True,holdout
