origin_type,strategy,ProductId,model,n,actual_total,prediction_total,MAE,RMSE,MAPE,WAPE,sMAPE,RMSLE,Bias,BiasRatio
development,direct,1,NeuralNet,83,5033.0,4927.584768347664,19.32775583786301,34.84516447934815,43.47190983108237,0.3187370821662288,0.3449085970103444,0.42639201385818637,-1.2700630319558521,-0.020944810580634955
development,direct,1,Ensemble,83,5033.0,5140.192601699611,13.276190463774173,20.67256496139185,38.75311627684134,0.2189397592873547,0.29731857092967096,0.37217100629870653,1.2914771289109757,0.021297953844548176
development,direct,1,XGBoost,83,5033.0,4898.685782432556,14.054200930767749,27.563608695758845,35.19163362079102,0.23177005310028276,0.28819550450576203,0.3554009925502863,-1.618243585149926,-0.026686711219440464
development,direct,1,LightGBM,83,5033.0,5491.258049964905,13.980984435024032,23.714952045077744,43.42149261390099,0.23056262827478535,0.31115691489358527,0.4066761295832491,5.521181324878371,0.09105067553445356
development,direct,1,DynamicRidge,83,5033.0,6704.407558441162,29.734215242316925,60.32552412245855,74.31543549163413,0.490351652118479,0.4556393319024557,0.5996572549516229,20.137440463146532,0.33208971953927324
development,direct,1,SeasonalNaive,83,5033.0,5900.333333333333,49.41365461847389,78.36643750639112,186.40643834542624,0.8148884032055103,0.6714908849382958,1.0165004654379075,10.449799196787147,0.17232929333068414
development,direct,1,MovingAvg28,83,5033.0,4936.407407407406,53.211130235226605,89.98998544339618,206.17385513042132,0.8775131749500911,0.675080884650814,1.071266206363195,-1.1637661758143678,-0.019191852293382182
development,direct,2,NeuralNet,84,4428.0,4456.962386574094,12.301730506903736,19.86368933104229,40.524823583456104,0.23336616137757765,0.2625354375065036,0.38729665491961235,0.3447903163582607,0.006540737708693292
development,direct,2,Ensemble,84,4428.0,4774.796755911975,11.687105345074757,18.1637284065325,36.66817512346523,0.22170660546212276,0.2563946394297825,0.3581848130370658,4.128532808475883,0.07831905056729317
development,direct,2,XGBoost,84,4428.0,4509.291275978088,10.731963555018107,16.44179553181425,35.68232841360759,0.2035873845125386,0.27351165183734005,0.3712429748144004,0.9677532854534331,0.01835846340968572
development,direct,2,LightGBM,84,4428.0,5238.3781480789185,16.112952402659825,30.439196185222237,39.19662981209937,0.3056657637360942,0.28357576880689145,0.38035770043852996,9.64735890570141,0.18301222856344138
development,direct,2,DynamicRidge,84,4428.0,6044.367456436157,24.677798589070637,45.62580579720925,60.95524851452814,0.4681425206598766,0.37776160932600955,0.5274508241870165,19.242469719478063,0.36503330091150793
development,direct,2,SeasonalNaive,84,4428.0,6228.166666666666,33.43055555555556,47.068680119036145,211.33705861549225,0.6341839807286962,0.5907263852486168,0.8947809626395216,21.430555555555557,0.40654170430593195
development,direct,2,MovingAvg28,84,4428.0,5130.88888888889,38.59561602418746,56.784322860912226,206.48990434993487,0.7321661576404125,0.5770377254858123,0.9179460453259473,8.367724867724869,0.1587373281140219
development,direct,3,NeuralNet,84,4684.0,4403.531757558758,19.73579207250767,36.762691579988626,82.57147355414335,0.3539296614198643,0.4062579451741068,0.6178352422386358,-3.3389076481100286,-0.05987793391145226
development,direct,3,Ensemble,84,4684.0,4717.8131812734755,19.585645599213287,35.24987852904869,65.14855909975404,0.3512370261174031,0.39060119471699184,0.5407813951413225,0.40253787230327615,0.007218868760349102
development,direct,3,XGBoost,84,4684.0,4653.580410957336,18.88028157325018,34.943314591003656,53.37891373216293,0.3385874577611048,0.40200744832497337,0.49797195990389687,-0.362137964793614,-0.006494361452319295
development,direct,3,LightGBM,84,4684.0,5049.093963623047,23.123893011183966,42.356393795313245,62.31824878912933,0.4146897978094477,0.4036252521277584,0.5317181283445659,4.346356709798177,0.07794491110654289
development,direct,3,DynamicRidge,84,4684.0,6251.825688362122,32.40111928894406,79.11047860515968,121.4471778734003,0.5810619172227373,0.4641682135011641,0.7156226282102499,18.664591528120496,0.33471940400557676
development,direct,3,SeasonalNaive,84,4684.0,5680.5,47.38690476190476,79.31096498383226,475.7918991548801,0.8498078565328779,0.7213162815419197,1.2936895295424824,11.863095238095237,0.21274551665243382
development,direct,3,MovingAvg28,84,4684.0,4489.064814814814,53.49737024439405,83.47400536631939,463.81060683684814,0.9593892187295261,0.7654734406172927,1.3127196163226746,-2.3206569664903,-0.04161724705063732
development,direct,4,NeuralNet,84,4371.0,4038.823960573903,16.487284474843705,30.73114648538175,49.39752425247625,0.3168455492763375,0.36625745951075783,0.47131482366475985,-3.9544766598344876,-0.07599543340793799
development,direct,4,Ensemble,84,4371.0,4067.308167671477,13.813771389812208,27.424009512367384,48.071489557635196,0.26546712348300744,0.3406654928183573,0.43893315775291397,-3.6153789562919383,-0.06947879943457397
development,direct,4,XGBoost,84,4371.0,3787.154789209366,16.821827431519825,30.26284981469455,51.89200706549405,0.32327465208136935,0.3943165001600422,0.47650365692310986,-6.950538223698025,-0.13357245728451936
development,direct,4,LightGBM,84,4371.0,4273.186780929565,14.588195074172248,28.59903150678385,52.49944987459146,0.28034966511792925,0.3580923131615708,0.45828486884902137,-1.16444308417184,-0.02237776688868327
development,direct,4,DynamicRidge,84,4371.0,4858.551772356033,17.43234895240693,32.587070231686916,70.8966619681018,0.33500739235922716,0.4437240898513072,0.5537295095516045,5.8041877661432535,0.1115423867206665
development,direct,4,SeasonalNaive,84,4371.0,5574.833333333334,38.498015873015866,59.001650613625,199.16516130085847,0.7398383283764203,0.738824956069243,1.0384748631659293,14.331349206349206,0.27541371158392436
development,direct,4,MovingAvg28,84,4371.0,4383.194444444445,50.004865835222994,82.4046239906545,212.11398903799622,0.9609720270324255,0.8010104156791853,1.1101639392680929,0.1451719576719573,0.002789852309413044
development,direct,5,NeuralNet,84,7679.0,8365.035590699426,21.374624715362252,29.83955052790149,35.765294374393775,0.23381540253814678,0.26982421991758737,0.37675241817809363,8.167090365469344,0.08933918357851606
development,direct,5,Ensemble,84,7679.0,8192.384313954513,19.34824869681624,27.272230383104628,28.65718508470046,0.21164902858869178,0.23524916062253337,0.3115708627698671,6.111718023268002,0.06685562103848317
development,direct,5,XGBoost,84,7679.0,8198.457991600037,20.420927059082757,30.861156058592297,28.05930380432031,0.22338297603372206,0.24105489793983872,0.3176168980240786,6.184023709524245,0.06764656746972739
development,direct,5,LightGBM,84,7679.0,8029.12052154541,22.392925307864235,31.951746720194144,29.357996578460888,0.24495451567399346,0.25851032226618337,0.3241125161799818,4.168101446969168,0.0455945463661167
development,direct,5,DynamicRidge,84,7679.0,13012.558742523193,79.01905509403774,171.73559311430216,85.35970803553263,0.8643834650213791,0.49971632652636844,0.6788590622214707,63.49474693479992,0.6945642326505005
development,direct,5,SeasonalNaive,84,7679.0,10355.5,55.029761904761905,83.59520164516167,132.32852513699686,0.6019664018752442,0.49397814824395453,0.8354436697662058,31.863095238095237,0.34854798801927334
development,direct,5,MovingAvg28,84,7679.0,8822.370370370367,53.95849080372891,78.29816526285167,121.19706924913463,0.5902478483543727,0.5219115795371381,0.809641756142646,13.611552028218691,0.14889573777449797
development,direct,6,NeuralNet,84,2260.0,2150.8389595500203,9.099667380642856,13.995672770213783,50.716489258589924,0.3382177256522123,0.3307617669715703,0.4627803792158092,-1.299536195833095,-0.04830134533184956
development,direct,6,Ensemble,84,2260.0,2169.1177056748234,8.19148771424127,12.743446961353607,44.33682179948675,0.304462375219587,0.30615037805439116,0.4229369842939205,-1.081932075299719,-0.04021340456866212
development,direct,6,XGBoost,84,2260.0,2186.1915917396545,8.555341215360732,13.724561949920146,46.63785236498813,0.317986133668275,0.32232481873004815,0.4438488150385042,-0.8786715269088745,-0.032658587725816576
development,direct,6,LightGBM,84,2260.0,2175.0455956459045,7.842265622956412,12.201577733529028,40.39517881479116,0.29148243908333565,0.3065050773728227,0.4193449301246613,-1.0113619565963745,-0.037590444404467016
development,direct,6,DynamicRidge,84,2260.0,2041.6616253852844,11.464599149567741,16.13536153466056,53.02286620588954,0.426117844497208,0.4231116858171625,0.5308611959058833,-2.5992663644608998,-0.09660990027199805
development,direct,6,SeasonalNaive,84,2260.0,3143.0,22.654761904761905,33.95953474357386,152.8918613180016,0.8420353982300885,0.6426732402460752,0.8975818804176775,10.511904761904763,0.39070796460176993
development,direct,6,MovingAvg28,84,2260.0,2867.12037037037,20.36112685815067,26.66477092090385,135.93511165224137,0.7567852460551576,0.6354983195232882,0.8528559342221812,7.227623456790122,0.2686373320222877
development,direct,7,NeuralNet,84,2259.0,2316.776344193799,8.387394415182984,11.047508974575846,60.16851218014494,0.31188186404398877,0.4059913419404256,0.5127867849404694,0.6878136213547495,0.025576070913589623
development,direct,7,Ensemble,84,2259.0,2302.3976417042427,7.924118981771685,10.722994830296992,51.05918259979892,0.29465515470067355,0.36979575498102263,0.45398026952597076,0.5166385917171804,0.019210996770359964
development,direct,7,XGBoost,84,2259.0,2329.1797688007355,8.564238670326414,12.212508930127091,46.751317932840244,0.3184577460413541,0.3702201759730076,0.4337202422768927,0.8354734381039938,0.03106674139032115
development,direct,7,LightGBM,84,2259.0,2271.9569630622864,8.095051998183841,10.743516051841919,51.466412328650165,0.3010112296801428,0.3815669568075228,0.46271476299501174,0.154249560265314,0.00573570742022416
development,direct,7,DynamicRidge,84,2259.0,2458.3702006340027,14.08136100428445,22.01303162780254,85.4630868351875,0.5236097053385984,0.5207076917156731,0.6544690076446535,2.373454769452413,0.0882559542425864
development,direct,7,SeasonalNaive,84,2259.0,3179.1666666666665,23.263888888888886,33.26571017647111,207.00379570014212,0.8650582853770105,0.6711224964880984,0.9937173682624947,10.954365079365079,0.40733362844916626
development,direct,7,MovingAvg28,84,2259.0,2871.4074074074074,20.988693625598383,27.810924788134425,216.61555207358472,0.7804560710713875,0.6936552672237374,1.005753427469725,7.290564373897708,0.271096683225944
development,direct,8,NeuralNet,84,3762.0,3462.2098365620814,12.913781242952243,17.54692833241724,45.458337320747574,0.28834599266560035,0.38613244171033234,0.46928262873798987,-3.5689305171180785,-0.07968903865973381
development,direct,8,Ensemble,84,3762.0,3570.5999666856305,10.974990318694763,16.074606450559276,38.53229478782234,0.24505560520211592,0.3327291666591707,0.41230126164514724,-2.2785718251710665,-0.05087720183795045
development,direct,8,XGBoost,84,3762.0,3512.7075414657593,11.86686951205844,17.37716617822848,37.905134017623524,0.26496997315600984,0.36016276137184466,0.4203438379436694,-2.967767363502866,-0.06626593794105283
development,direct,8,LightGBM,84,3762.0,3707.76292347908,12.472983618577322,19.096304630536768,41.235597845558225,0.2785036214674362,0.34657895162693625,0.435775114516008,-0.6456794823919024,-0.014417085731238649
development,direct,8,DynamicRidge,84,3762.0,3420.1684856414795,16.701882521311443,26.626841965950188,63.375741943491704,0.3729287963291231,0.4028378075339426,0.5554266059133861,-4.069422789982387,-0.09086430472049987
development,direct,8,SeasonalNaive,84,3762.0,4862.166666666667,37.09722222222222,54.501896112834274,204.20007674969818,0.8283271309587099,0.6993959913189098,1.0195506932322829,13.09722222222222,0.29244196349459506
development,direct,8,MovingAvg28,84,3762.0,4693.333333333332,36.51332199546484,51.2226523092996,210.2277488780055,0.8152894863421177,0.6934414611062424,1.0302579091826551,11.087301587301587,0.24756335282651074
development,direct,9,NeuralNet,84,3192.0,3352.9340083702027,10.117988122468782,12.499864547906258,49.21846859472049,0.26626284532812583,0.35360936392243514,0.4520431392617211,1.9158810520262235,0.05041792242174272
development,direct,9,Ensemble,84,3192.0,3370.0162909735545,10.583795166837968,14.331335822444158,45.62918178133828,0.2785209254431044,0.34398951022637286,0.4230703462774368,2.1192415592089797,0.055769514716025786
development,direct,9,XGBoost,84,3192.0,3256.008599281311,10.859058686665126,15.738305114605067,41.487191086283175,0.2857647022806612,0.32780733102608217,0.40818626611940756,0.7620071343013218,0.020052819323718996
development,direct,9,LightGBM,84,3192.0,3458.8664054870605,12.508590562002999,18.476341036978265,48.2990847131821,0.32917343584218417,0.36608703370644086,0.4453916849956078,3.1769810177031017,0.08360476362376583
development,direct,9,DynamicRidge,84,3192.0,3247.2442531585693,12.426691668374199,18.518064938434804,53.867960510123304,0.327018201799321,0.3699214013518571,0.5067331317192248,0.6576696804591587,0.017307096854188388
development,direct,9,SeasonalNaive,84,3192.0,4333.166666666667,26.490079365079364,36.3592133327977,131.48807805672135,0.6971073517126148,0.5925906505699696,0.8395964589682321,13.585317460317459,0.3575083542188805
development,direct,9,MovingAvg28,84,3192.0,3582.685185185185,23.94268077601411,31.759249654940973,130.32833848977472,0.6300705467372135,0.6017690980116644,0.8529750114831894,4.651014109347443,0.12239510814072219
development,direct,10,NeuralNet,84,2185.0,2443.2865748598356,8.476506573269132,12.863203180801795,72.24820220655224,0.32587027558563253,0.35936330476155787,0.543881615639739,3.0748401769028026,0.11820895874592009
development,direct,10,Ensemble,84,2185.0,2397.947051679879,7.784130610422752,12.233299875143222,61.978644296140104,0.2992526184327282,0.33251990384945435,0.5071396957716594,2.5350839485699974,0.09745860488781684
development,direct,10,XGBoost,84,2185.0,2335.9394421577454,8.686763292267209,13.271092966245744,59.55505231935126,0.3339533714189682,0.3468472484195175,0.503243566595271,1.79689812092554,0.06907983622780108
development,direct,10,LightGBM,84,2185.0,2395.8436517715454,8.268589485259284,12.482507489015845,60.94284672762943,0.3178771243761006,0.3523315321562211,0.5106660492165401,2.5100434734707786,0.0964959504675265
development,direct,10,DynamicRidge,84,2185.0,2248.6478385925293,10.411185423533121,15.174469067628143,90.14424514985484,0.4002469453440651,0.41913827155288236,0.6277676725231482,0.7577123641967773,0.02912944558010494
development,direct,10,SeasonalNaive,84,2185.0,2866.5,16.827380952380953,21.956735055233377,184.75604687324224,0.6469107551487414,0.6033842225250515,0.9118166602348293,8.113095238095237,0.31189931350114414
development,direct,10,MovingAvg28,84,2185.0,2336.083333333334,15.681264172335599,20.968204871943055,171.10758114749808,0.602849515092078,0.5911051150667412,0.8820060020108403,1.7986111111111123,0.06914569031273841
development,direct,11,NeuralNet,84,4190.0,4762.272598649037,13.375813883776939,21.652247097812268,41.331710465675506,0.2681547413454088,0.30745786438050193,0.39344071061479824,6.812769031536151,0.13658057246993716
development,direct,11,Ensemble,84,4190.0,4757.259597415318,12.796328957805551,20.174726015487067,39.27379261060807,0.25653738244765306,0.30196661285940496,0.3742232854468797,6.753090445420453,0.13538415212776087
development,direct,11,XGBoost,84,4190.0,4645.148369312286,14.96764204047975,26.134782326954216,43.34994677862155,0.30006728673038163,0.33119650376857246,0.41979175331868873,5.418432968003409,0.10862729577858864
development,direct,11,LightGBM,84,4190.0,4824.498383522034,14.317234118779501,22.862732562445526,40.67881506269633,0.2870280825721905,0.3157392103377519,0.3880594431397548,7.553552184786115,0.15143159511265722
development,direct,11,DynamicRidge,84,4190.0,5933.501554965973,28.22982515039898,51.88981520343011,75.77566332850296,0.5659439886953495,0.45958205121338647,0.592352373400507,20.75597089245206,0.4161101563164613
development,direct,11,SeasonalNaive,84,4190.0,6180.833333333333,53.6765873015873,83.92662808737404,192.8479637304426,1.0760938743038981,0.6961194976889301,1.0213130830478299,23.700396825396826,0.47513922036595063
development,direct,11,MovingAvg28,84,4190.0,4968.527777777776,49.243527966742235,72.59178581043089,173.26897618809778,0.9872210857294387,0.7902352571816383,1.024850140192505,9.268187830687829,0.18580615221426672
development,direct,12,NeuralNet,84,2437.0,2583.445179040036,8.420441846042385,11.749078405380992,48.862740074917276,0.290240917138925,0.3410784500031141,0.4525404916653522,1.7433949885718512,0.060092400098496306
development,direct,12,Ensemble,84,2437.0,2457.494732084799,8.233271413157265,11.486775669949568,45.55196638442725,0.28378941268166197,0.3273945051368372,0.42981463306799905,0.2439849057714182,0.008409820305621308
development,direct,12,XGBoost,84,2437.0,2305.1656579971313,10.263862008140201,15.630893933710183,48.384064410036046,0.3537810458283861,0.37078127207461736,0.48559198024472594,-1.569456452415103,-0.05409698071516974
development,direct,12,LightGBM,84,2437.0,2438.879623413086,8.338471480778285,11.235305054451043,46.937089722815,0.28741551267352317,0.3425219487235479,0.44626139845589885,0.02237646920340402,0.0007712857665514721
development,direct,12,DynamicRidge,84,2437.0,2220.5016679763794,14.007843573888143,22.009267932908294,66.43323393650168,0.48283088231703075,0.478442245230355,0.6365303959806098,-2.5773610955192927,-0.0888380517126059
development,direct,12,SeasonalNaive,84,2437.0,3346.5,24.017857142857142,33.33742534406982,170.73448719897814,0.8278621255642183,0.6740603664330889,0.957320243836624,10.827380952380953,0.37320475995075914
development,direct,12,MovingAvg28,84,2437.0,2650.166666666667,20.687358276643987,29.550687010570066,134.33050194695574,0.7130644625515367,0.6231638950501177,0.876417854551975,2.537698412698412,0.08747093420872655
development,direct,13,NeuralNet,84,4299.0,3980.5311415001006,13.066151456560874,19.658292303802725,39.60267855916812,0.25530512266832134,0.3149343046089989,0.40532435181919263,-3.791295934522611,-0.07407975308208871
development,direct,13,Ensemble,84,4299.0,4063.98693721548,11.924363595250776,16.57003459735833,33.2051241616374,0.2329952412191359,0.2860463703421429,0.3475154887574886,-2.7977745569585672,-0.05466691388334954
development,direct,13,XGBoost,84,4299.0,3842.4452748298645,13.277485240073432,20.198595558211583,30.362635231354396,0.25943446386745017,0.2883473898881008,0.3410809973882577,-5.43517529964447,-0.10620021520589334
development,direct,13,LightGBM,84,4299.0,4283.036942481995,14.369559912454514,19.84308113919697,35.62808437156645,0.28077297805214685,0.31094336353970065,0.3792119784095996,-0.19003639902387345,-0.0037132024931391884
development,direct,13,DynamicRidge,84,4299.0,4334.200150489807,18.397029751823062,30.183745818932053,53.67940672136792,0.35946743409005283,0.38762399787248814,0.5164525015957685,0.419049410592942,0.008187985691976537
development,direct,13,SeasonalNaive,84,4299.0,5711.0,38.95238095238095,52.443620520834884,161.624689781412,0.7611072342405211,0.6724724599588494,0.9646969056391103,16.80952380952381,0.3284484763898581
development,direct,13,MovingAvg28,84,4299.0,4565.046296296296,35.34663958175863,46.067623493025835,149.26404876803429,0.6906531111578798,0.6536655821473831,0.9096193944876586,3.1672178130511477,0.06188562370232529
development,direct,14,NeuralNet,84,2006.0,2045.2606634030242,6.429829371157374,9.277443281011127,36.7151418200726,0.2692450982937285,0.2910447558647715,0.3699368531220055,0.4673888500360069,0.01957161685095941
development,direct,14,Ensemble,84,2006.0,2007.8104916142047,5.904939331621159,8.61010072185437,33.09814408982642,0.24726565496319908,0.2769511905252903,0.3382289776767724,0.021553471597675594,0.0009025381925248006
development,direct,14,XGBoost,84,2006.0,1956.0447750091553,6.570685727255685,9.754065274177831,35.91861963448428,0.27514337043343845,0.3058563508094968,0.36966102444594384,-0.5947050594148182,-0.024902903784070153
development,direct,14,LightGBM,84,2006.0,2006.4242539405823,6.230770763896761,8.949954113897993,33.60291538530712,0.26090964315420134,0.2914589447488311,0.3453741138108143,0.005050642149788993,0.00021149249281269958
development,direct,14,DynamicRidge,84,2006.0,1922.9073915481567,8.921291249138969,12.26249082332992,48.24300503005387,0.3735735119280525,0.39055057466846205,0.45933918888962405,-0.9891977196648007,-0.04142203811158687
development,direct,14,SeasonalNaive,84,2006.0,2721.8333333333335,14.950396825396824,21.36280361532349,106.88147259360943,0.6260385510136257,0.5130676623530326,0.7322062899628876,8.521825396825395,0.35684612828182116
development,direct,14,MovingAvg28,84,2006.0,2387.4537037037035,13.518156336608719,17.927010246801117,104.48886828305619,0.5660643730185106,0.5304828893497223,0.7190320324496116,4.541115520282186,0.19015638270374058
development,direct,15,NeuralNet,77,2728.0,2552.5036425186613,10.166535744993968,15.56600114475721,45.73716135204112,0.286958670221604,0.3049997440671834,0.4515355428158013,-2.279173473783623,-0.06433150934066678
development,direct,15,Ensemble,77,2728.0,2570.056912898782,10.756022307114128,16.622047072056304,45.97900449973966,0.30359740382983424,0.3135696517275435,0.458677960551295,-2.0512089233924438,-0.05789702606349639
development,direct,15,XGBoost,77,2728.0,2537.0175795555115,13.058970048830107,20.192230721025897,55.68327565298129,0.3685999610556885,0.36914855846318895,0.5333728369059239,-2.4802911746037473,-0.07000821863800899
development,direct,15,LightGBM,77,2728.0,2607.438991546631,11.176589173155946,16.395907992885636,45.15996837075728,0.315468242790692,0.33336151823300975,0.44851726950361537,-1.5657273825112876,-0.04419391805475408
development,direct,15,DynamicRidge,77,2728.0,2772.211965560913,14.763634223442573,20.68084037728651,66.42651051376598,0.41671548211329845,0.4229271994985435,0.5632379259940455,0.5741813709209491,0.01620673224373647
development,direct,15,SeasonalNaive,77,2728.0,3209.1666666666665,25.365800865800864,34.06519617127707,128.08783407946865,0.7159701857282502,0.6363007218957668,0.919243442889288,6.248917748917749,0.17638074291300096
development,direct,15,MovingAvg28,77,2728.0,2915.9629629629617,22.497663711949425,30.287404163465553,113.6466827558496,0.6350147015469596,0.6094176456072805,0.8337417271639163,2.4410774410774416,0.06890137938525036
development,direct,16,NeuralNet,83,5336.0,5444.965502555571,16.801750914910485,20.857366116180902,59.3123101105843,0.2613465753256316,0.34400686303695793,0.5006920211329767,1.3128373801876074,0.020420821318510387
development,direct,16,Ensemble,83,5336.0,5509.279840219761,14.850055008112005,18.060274906617046,46.41833992807254,0.2309884868203329,0.31851632406960545,0.44570363371956656,2.087708918310372,0.03247373317461785
development,direct,16,XGBoost,83,5336.0,5462.142703771591,16.346840085753474,20.383430714572423,44.42675059189783,0.25427056355276206,0.3337257944300031,0.45237541158154737,1.5197916117059178,0.023639936988679007
development,direct,16,LightGBM,83,5336.0,5598.863034248352,14.755637042493705,18.223418926877574,40.40807443168023,0.22951984155303176,0.31651642747647957,0.4470128902806833,3.1670245090162896,0.04926218782765218
development,direct,16,DynamicRidge,83,5336.0,5183.477023601532,25.76315839032093,36.08924920597169,66.77749639548779,0.4007387830578405,0.4532354808780861,0.6129072051866818,-1.8376262216682893,-0.028583766191616945
development,direct,16,SeasonalNaive,83,5336.0,5556.333333333334,36.65461847389558,47.27660778766777,96.40565467177652,0.5701524237881059,0.5879047459340134,0.8337050560334116,2.654618473895582,0.04129185407296351
development,direct,16,MovingAvg28,83,5336.0,5819.585978835979,37.58087907184293,46.604525464671624,122.6695368218754,0.5845601504803154,0.5921368335397463,0.7973032124225907,5.826337094409386,0.09062705750299456
development,direct,17,NeuralNet,84,1612.0,1764.8705784972237,6.239762806044304,7.985070069741392,117.32599992293737,0.3251489303397776,0.4421451463287129,0.7214748491262359,1.8198878392526607,0.09483286507271929
development,direct,17,Ensemble,84,1612.0,1812.4947013591188,6.605553815455908,8.554720411210619,116.85843043642006,0.3442100003091168,0.44351029821656485,0.7122900701455036,2.3868416828466565,0.12437636560739401
development,direct,17,XGBoost,84,1612.0,1802.3271993398666,7.404130729891005,10.144103402783507,112.5176823574461,0.38582318939878685,0.46255581789271066,0.7272822793170035,2.2657999921412695,0.11806898222076094
development,direct,17,LightGBM,84,1612.0,1862.9730596542358,6.956857159024193,9.193771784463197,122.06038379892132,0.3625161298747098,0.449996451764637,0.7282561163752147,2.987774519693284,0.15569048365647384
development,direct,17,DynamicRidge,84,1612.0,1800.2770957946777,9.376447518666586,12.84238414491785,170.8591668107566,0.48859900221339525,0.5342470268848822,0.8552603862078153,2.2413939975556874,0.11679720582796385
development,direct,17,SeasonalNaive,84,1612.0,2549.5,22.279761904761905,33.895190345702865,587.1134368498981,1.1609801488833746,0.8092437871727794,1.3845079528707855,11.160714285714286,0.581575682382134
development,direct,17,MovingAvg28,84,1612.0,2341.3703703703704,18.274817334341144,22.70597325757426,385.3614691499863,0.9522857668018959,0.7763305583787032,1.244332686206964,8.682980599647268,0.4524630089146219
development,direct,18,NeuralNet,84,2235.0,2214.487981388089,9.735165804101372,13.352765541324823,57.786114244533714,0.365885426194414,0.39470534467321866,0.5078963384687797,-0.24419069776084942,-0.00917763696282387
development,direct,18,Ensemble,84,2235.0,2357.089356823844,8.880963791934201,12.325707275955903,49.953476183254345,0.33378118949551355,0.35624717237841486,0.44967264294448756,1.4534447240933772,0.05462611043572425
development,direct,18,XGBoost,84,2235.0,2431.378520011902,9.270438432693481,13.215718594243265,47.17470951771383,0.34841916257103017,0.3593874139819207,0.43775447389272365,2.3378395239512124,0.08786510962501201
development,direct,18,LightGBM,84,2235.0,2441.100137233734,9.76543128490448,13.30028019892358,50.5003995722373,0.3670229207749335,0.3647150402035222,0.45533304328681173,2.4535730623063587,0.09221482650278932
development,direct,18,DynamicRidge,84,2235.0,2177.289298057556,12.191932916641235,17.82356763971865,74.40754622920826,0.4582202975381941,0.45395150582697624,0.5870950827810334,-0.6870321659814744,-0.02582134315098159
development,direct,18,SeasonalNaive,84,2235.0,2670.8333333333335,19.474206349206348,26.502027725156683,152.90047754720288,0.7319164802386279,0.6476105450110163,0.9045366660450201,5.188492063492063,0.19500372856077552
development,direct,18,MovingAvg28,84,2235.0,2818.75925925926,18.097474174855126,22.338470658067024,172.081264247784,0.6801735260348235,0.6343264531709674,0.8752412774623015,6.9495149911816565,0.261189825171928
development,direct,19,NeuralNet,84,2099.0,2442.51444179297,12.92254197469312,19.66690138421919,88.83497665589705,0.5171479399114922,0.47638938122665453,0.6410064785805576,4.089457640392502,0.1636562371572035
development,direct,19,Ensemble,84,2099.0,2241.9041739647882,9.442045980846183,14.178227901766482,71.06747429799542,0.3778617734116624,0.39790869406219426,0.5562198131211312,1.7012401662474814,0.06808202666259573
development,direct,19,XGBoost,84,2099.0,2106.4165329933167,10.001333707854862,15.205073264329323,70.8366292190418,0.40024394066689295,0.4117284924456583,0.569522972853274,0.08829205944424584,0.003533364932499595
development,direct,19,LightGBM,84,2099.0,2143.5765171051025,8.276820750463576,12.858502015565582,62.340823716579926,0.3312305588560936,0.3687566455730005,0.5251200925527743,0.5306728226797921,0.021237025776609117
development,direct,19,DynamicRidge,84,2099.0,2108.4685010910034,10.930383057821365,18.311469254937794,82.21293340862194,0.4374236192744138,0.45866670740828125,0.64488682800839,0.11272025108337402,0.004510958118629546
development,direct,19,SeasonalNaive,84,2099.0,3108.0,23.13095238095238,34.629157821532004,203.6814016953381,0.9256788947117676,0.7038583256735612,1.0272127043380803,12.011904761904763,0.480705097665555
development,direct,19,MovingAvg28,84,2099.0,2658.1018518518513,18.572641093474427,26.30645560180701,158.0950385912917,0.7432595768708203,0.6544745376758365,0.9132180437384191,6.6559744268077585,0.26636581793799513
development,direct,20,NeuralNet,84,2902.0,2932.3396676935695,9.891476741213502,12.516078273631324,43.91054068390894,0.2863142819648291,0.33587416078482996,0.4338549201669157,0.36118652016153713,0.010454744208673025
development,direct,20,Ensemble,84,2902.0,2935.976559477732,9.297677267510846,11.843034237870704,39.145734937107015,0.2691264267646144,0.31210579346416756,0.3951503069234583,0.4044828509253855,0.011707980522995307
development,direct,20,XGBoost,84,2902.0,2830.5088901519775,9.97160328002203,12.618112668230905,37.07013672340461,0.2886335890840285,0.32220750662271386,0.39753387713255717,-0.8510846410478864,-0.02463511710820898
development,direct,20,LightGBM,84,2902.0,3006.941170692444,10.022089946837653,12.880845930713347,40.16027344482142,0.2900949536644944,0.322178454058559,0.4015173721748665,1.249299651100522,0.036161671499808354
development,direct,20,DynamicRidge,84,2902.0,2674.496029853821,13.492087443669638,17.24182213008244,52.63360468295575,0.39053595632951393,0.41909764929711113,0.5148182616515269,-2.7083805969783237,-0.07839557896146768
development,direct,20,SeasonalNaive,84,2902.0,3130.5,18.00595238095238,23.960595131332173,82.89751531097441,0.5211922811853894,0.5012321603157643,0.683981552600837,2.7202380952380953,0.07873880082701586
development,direct,20,MovingAvg28,84,2902.0,2899.8888888888887,16.891061980347693,21.167099023880333,76.27283446073909,0.4889211600100642,0.49201231106172955,0.6420014471311781,-0.025132275132274322,-0.000727467646833578
development,direct,21,NeuralNet,84,2015.0,1845.2799380054696,5.901576493006213,8.074193038142315,33.42731210492011,0.2460210547952962,0.29417896316766534,0.35323477563135747,-2.0204769285063144,-0.0842283186077074
development,direct,21,Ensemble,84,2015.0,1961.4303500782478,5.172819859023612,6.8515632150269585,30.326665649213314,0.2156411256367163,0.2572011717509963,0.3117916043290111,-0.6377339276399112,-0.026585434204343693
development,direct,21,XGBoost,84,2015.0,2058.3387746810913,4.728218339738392,6.313292512655112,28.350757984780877,0.19710686875336222,0.2353491368413977,0.29668186595935186,0.5159377938225156,0.02150807676480958
development,direct,21,LightGBM,84,2015.0,2006.525330066681,5.428314986683073,7.457263605912765,31.878700013115996,0.22629203914708595,0.2642890662045216,0.32147501778289306,-0.10088892777760823,-0.004205791530183172
development,direct,21,DynamicRidge,84,2015.0,1799.5562086105347,9.143050125667028,13.771570996185241,45.54592602998541,0.3811494841469133,0.38814663042318676,0.44679747728957775,-2.564807040350778,-0.1069199957267818
development,direct,21,SeasonalNaive,84,2015.0,2382.3333333333335,15.206349206349207,20.12237691998768,102.20355343219492,0.633912324234905,0.5613506107259656,0.7486280462077625,4.3730158730158735,0.18229942100909843
development,direct,21,MovingAvg28,84,2015.0,2058.6666666666665,14.373582766439911,20.589642211610098,94.24847502880438,0.5991965024223089,0.5451766764856285,0.7281522127724441,0.5198412698412702,0.021670802315963623
development,direct,22,NeuralNet,84,2805.0,2928.501673227182,9.238335574918143,15.107476599911498,134.7471639465893,0.2766560386071743,0.39699352757084005,0.7495525319440411,1.470258014609311,0.04402911701503819
development,direct,22,Ensemble,84,2805.0,2887.7858122202033,8.632463877046604,14.130606311991276,115.87026743659487,0.2585122872270641,0.3842187043112239,0.698239270674765,0.9855453835738464,0.02951365854552695
development,direct,22,XGBoost,84,2805.0,2885.574287891388,9.38788514477866,15.00271302794999,115.02623672086605,0.28113452839978875,0.40228261200197907,0.700975015233988,0.9592177129927135,0.028725236324915488
development,direct,22,LightGBM,84,2805.0,2851.6195843219757,9.353122373421987,14.665537938472514,104.13102368729011,0.28009350423081886,0.3942376645554853,0.6748542565188086,0.5549950514520917,0.016620172663805957
development,direct,22,DynamicRidge,84,2805.0,2575.0651953220367,15.166227933906374,27.58100268039345,130.9537819651459,0.4541758097854315,0.49350508147683503,0.7874460296357098,-2.7373191033090865,-0.08197319239856088
development,direct,22,SeasonalNaive,84,2805.0,3390.666666666667,22.353174603174605,32.45707380851885,173.96652420610135,0.669399881164587,0.6131631869347812,0.9117382579821215,6.972222222222221,0.20879382055852644
development,direct,22,MovingAvg28,84,2805.0,3214.2314814814804,23.66693436633913,36.1222496747445,292.36307233786664,0.7087424195267333,0.6665362264223882,1.115388957638197,4.8718033509700165,0.14589357628573313
development,direct,23,NeuralNet,84,2015.0,2189.8984861793083,6.102098146743018,7.441847066698789,54.21938092503786,0.25438027013717796,0.3112311563389295,0.45354156589491923,2.0821248354679582,0.0867982561683913
development,direct,23,Ensemble,84,2015.0,2178.5642194708093,5.342088089480406,6.474321568335036,43.00863029915224,0.22269746874260749,0.2772016018658632,0.38399149005290734,1.9471930889382096,0.08117330991107176
development,direct,23,XGBoost,84,2015.0,2144.1174697875977,5.571638334365118,7.203934562775517,35.13510153946576,0.23226680897601484,0.26239920904009406,0.3346358952007478,1.5371127355666387,0.0640781487779641
development,direct,23,LightGBM,84,2015.0,2190.183069229126,5.482877027420771,6.651308548683111,41.202259065634,0.22856658575848374,0.2777054797692805,0.37451099374023433,2.0855127289181663,0.08693948845117914
development,direct,23,DynamicRidge,84,2015.0,2077.0501050949097,7.471792981738136,9.917535539378777,50.60978315979272,0.3114792111493814,0.35322917824870614,0.4560285597894186,0.7386917273203532,0.030794096821295122
development,direct,23,SeasonalNaive,84,2015.0,2724.3333333333335,14.03968253968254,18.520402020617453,122.5242540077519,0.585277088502895,0.5129413778495365,0.7588956795209885,8.444444444444445,0.3520264681555004
development,direct,23,MovingAvg28,84,2015.0,2570.611111111112,11.077853363567648,13.977224658954174,111.82091241252338,0.4618062940643585,0.4627794594794527,0.7006552800787764,6.614417989417988,0.2757375241246208
development,direct,24,NeuralNet,56,3743.0,3811.710218307958,18.054294497983957,22.095728136675525,42.48094662605259,0.27011501252661013,0.31934481635180745,0.4329996676637543,1.2269681840706763,0.018356991265818294
development,direct,24,Ensemble,56,3743.0,3835.2914795437764,12.875837488896364,17.026986959872833,29.653673376717688,0.1926387655298414,0.23749636477331545,0.3343081155531316,1.6480621347102886,0.024657087775521284
development,direct,24,XGBoost,56,3743.0,3795.307466506958,13.256137541362218,18.31740600270318,27.564833986620602,0.19832853388092017,0.23147643782092736,0.3281879527747789,0.9340619019099644,0.01397474392384665
development,direct,24,LightGBM,56,3743.0,3882.6895751953125,14.039409909929548,17.913127957141114,27.882446348120354,0.21004727623725747,0.2445089721915165,0.3163192731572908,2.4944566999162947,0.03732021779196166
development,direct,24,DynamicRidge,56,3743.0,4192.646348953247,22.77587185587202,31.578422090980244,45.111307600901604,0.34075576380679484,0.329227235902704,0.45869665256235204,8.029399088450841,0.12012993560065377
development,direct,24,SeasonalNaive,56,3743.0,4900.666666666667,32.708333333333336,47.67114114863099,93.2555285579099,0.48935791254786715,0.42719127625740866,0.7041301678305345,20.672619047619047,0.3092884495502716
development,direct,24,MovingAvg28,56,3743.0,4463.777777777777,31.09807256235828,42.00923612287077,82.73192029657838,0.46526638084212224,0.42332457722104083,0.6599323373585632,12.871031746031743,0.19256686555644606
development,direct,25,NeuralNet,84,4166.0,3874.2893597951684,21.1835985883766,35.15708507585956,51.55849060756981,0.427129688291799,0.4372485663622462,0.612756616639026,-3.4727457167241886,-0.0700217571303005
development,direct,25,Ensemble,84,4166.0,3725.6364113380127,18.87213489774706,31.44686749212446,42.353826005264125,0.38052312323829884,0.37859975808625324,0.4955792685766521,-5.2424236745474655,-0.10570417394670839
development,direct,25,XGBoost,84,4166.0,3794.4047708511353,18.09593635513669,28.49619548947607,39.4236011063922,0.3648724565125977,0.35656010812345107,0.4622250089772065,-4.423752727962675,-0.0891971265359733
development,direct,25,LightGBM,84,4166.0,3544.3360233306885,19.112690448760986,32.7359212587031,40.95359813404637,0.38537349920689457,0.37566117089924694,0.49876174467976714,-7.400761627015614,-0.14922323011745356
development,direct,25,DynamicRidge,84,4166.0,3181.5976152420044,21.619871650423324,37.92734502372356,49.687383002662294,0.4359263606902446,0.46280623228224754,0.6337198259439273,-11.719076009023757,-0.23629437944262977
development,direct,25,SeasonalNaive,84,4166.0,6195.0,46.107142857142854,64.34662458309757,135.4683518069895,0.92966874699952,0.6916826986167639,0.947654099096379,24.154761904761905,0.4870379260681709
development,direct,25,MovingAvg28,84,4166.0,4990.870370370372,38.055429579239096,51.31263054142084,117.81322354116858,0.7673202315545089,0.651849118414403,0.8603993033471841,9.81988536155203,0.1980005689799257
development,direct,26,NeuralNet,79,3074.0,2699.45337767052,11.250736433027756,22.588641569399883,45.38123450386842,0.28913733838945765,0.43906893815022446,0.5142431737487327,-4.7410964851833,-0.12184340349039711
development,direct,26,Ensemble,79,3074.0,2630.1759023850464,9.597998715337642,20.694914700780593,37.400288812042206,0.24666294681576895,0.4220338356795267,0.48077189894936223,-5.618026552088022,-0.14437999271794202
development,direct,26,XGBoost,79,3074.0,2735.738604784012,11.221877227855634,22.092919501168094,46.03401506484233,0.28839567371522284,0.462524843850779,0.5366222490582856,-4.28178981286061,-0.11003949096160968
development,direct,26,LightGBM,79,3074.0,2498.5590646862984,10.203182286854032,21.953738383940795,35.460176165819284,0.26221581023470025,0.47443190180336064,0.5217527836043374,-7.284062472325337,-0.18719614031024776
development,direct,26,DynamicRidge,79,3074.0,2498.7751998603344,14.24793360995341,26.317252855523357,57.56627647127688,0.3661635508088222,0.5822380684184034,0.6748326439135373,-7.2813265840464,-0.18712582958349563
development,direct,26,SeasonalNaive,79,3074.0,5990.0,48.58227848101266,114.31136692208233,202.29592180327822,1.2485361093038387,0.7619534731092206,1.0766920562287319,36.91139240506329,0.9486011711125569
development,direct,26,MovingAvg28,79,3074.0,4289.485580442105,35.6713296182201,78.72317732459337,146.3482595957868,0.9167322836172375,0.6803737671874176,0.9480628819341395,15.385893423317746,0.3954084516727723
development,direct,27,NeuralNet,67,2590.0,2615.019129409635,18.637062329763303,27.27064086401733,365.30661499457364,0.48211705640700436,0.6581412034068392,1.281507287954274,0.3734198419348399,0.009659895524955319
development,direct,27,Ensemble,67,2590.0,2303.8980490269046,17.192469645812942,23.388934281100756,256.9600590943053,0.4447472842739255,0.691874404064078,1.2043512089876023,-4.270178372732776,-0.1104640737347861
development,direct,27,XGBoost,67,2590.0,2013.8093530982733,20.149593878370613,27.587687831622006,206.904611595026,0.5212443204057262,0.8006894461611656,1.3335148553000011,-8.59986040151831,-0.22246743123618792
development,direct,27,LightGBM,67,2590.0,2202.663651704788,16.978971840730352,22.862432560197426,197.25851605440258,0.4392243680806694,0.7178410051134078,1.142122174140567,-5.781139526794206,-0.1495507136274949
development,direct,27,DynamicRidge,67,2590.0,2121.5818759799004,18.311876708891855,24.479486314161875,209.30158947382748,0.47370491872422943,0.7055814714693291,1.2085526201298928,-6.991315283882084,-0.18085641854057902
development,direct,27,SeasonalNaive,67,2590.0,4272.333333333333,39.039800995024876,54.69728241102031,917.9581795935858,1.0099099099099098,0.8317389346662352,1.762970313537989,25.109452736318406,0.6495495495495495
development,direct,27,MovingAvg28,67,2590.0,3574.541452991453,34.601072476445616,43.43237899951563,686.3494828683829,0.8950856586570873,0.8397455976655371,1.66914211034774,14.694648552111238,0.3801318351318351
development,direct,28,NeuralNet,70,2872.0,3243.3100972281063,11.369124214033738,17.010267009709754,50.82158733768072,0.27710260967352424,0.3711326855164722,0.4720500292043248,5.304429960401521,0.12928624555296184
development,direct,28,Ensemble,70,2872.0,3048.0664274766264,9.963680229534894,14.209530448729998,44.58916850651576,0.24284735935495913,0.34114897150039747,0.43063104757961645,2.5152346782375217,0.06130446639158305
development,direct,28,XGBoost,70,2872.0,2928.8106042146683,12.18861574615751,17.698083312774322,45.72717177077739,0.2970762890776552,0.3678680807369411,0.43521931864828567,0.8115800602095468,0.01978085104967558
development,direct,28,LightGBM,70,2872.0,2944.287542104721,9.242979540143693,13.41066087017447,44.885668235292925,0.2252815347528059,0.3466207465814285,0.4318886303866475,1.0326791729245868,0.025169757000251067
development,direct,28,DynamicRidge,70,2872.0,3288.8402710855007,15.092563420959882,20.664026213473363,64.14409219425228,0.367854958031752,0.48351044386835723,0.5942126625157232,5.954861015507153,0.14513937015511863
development,direct,28,SeasonalNaive,70,2872.0,4143.666666666666,30.623809523809527,41.11866297004858,178.74977399237486,0.746402042711235,0.7370463863051308,1.0002645558390761,18.166666666666668,0.4427808727948004
development,direct,28,MovingAvg28,70,2872.0,3565.4722222222217,22.27318594104308,30.04364788468096,147.53503641100457,0.5428701308750055,0.6172984379210841,0.9139324345331608,9.906746031746035,0.24145968740328083
development,direct,29,NeuralNet,56,2880.0,2803.240695942817,12.417494119480642,16.08560671763114,63.830108158764155,0.24145127454545695,0.4070403551657957,0.7234709817555307,-1.370701858163977,-0.026652536130966218
development,direct,29,Ensemble,56,2880.0,2902.9047701344653,10.563778757879863,13.504079378746688,46.701307399568954,0.20540680918099735,0.3710879744066492,0.6251973373738463,0.40901375240116195,0.007953045185578149
development,direct,29,XGBoost,56,2880.0,2957.4599454402924,10.924989244767598,15.309881539076134,42.7857271311317,0.21243034642603661,0.36933533908973165,0.5857067153416473,1.3832133114337921,0.026895814388990403
development,direct,29,LightGBM,56,2880.0,2959.9311108589172,12.393130540847778,15.891569632876791,39.64535369810537,0.24097753829426236,0.39033356908138117,0.5856625811116871,1.4273412653378077,0.02775385793712404
development,direct,29,DynamicRidge,56,2880.0,2597.5708045959473,17.586017063685826,28.730169020772838,226.24328471618531,0.34195033179389106,0.42199852443289726,0.9601842003594291,-5.043378489358084,-0.09806569284862943
development,direct,29,SeasonalNaive,56,2880.0,4257.666666666667,30.386904761904763,44.03558715979539,189.05086534105064,0.5908564814814815,0.5271870331987437,0.9422487373419365,24.601190476190478,0.4783564814814815
development,direct,29,MovingAvg28,56,2880.0,4139.064814814815,31.77029006046863,41.14009542031868,391.2973837054724,0.6177556400646678,0.574035621179583,1.1824846564395535,22.483300264550262,0.4371752829218107
development,direct,30,NeuralNet,55,2166.0,2285.409154359587,12.50668738944732,15.839511781407714,241.16261358069727,0.3175751645519864,0.43700574738738385,0.9494531379065368,2.1710755338106695,0.055128880129079794
development,direct,30,Ensemble,55,2166.0,2255.778064106973,11.202609640801672,13.86989207849162,217.59887987485405,0.28446146363993163,0.40441335608037776,0.8976552737103608,1.6323284383085928,0.04144878305954414
development,direct,30,XGBoost,55,2166.0,2262.009115219116,12.443104726617987,16.362498720530137,226.47952706564604,0.31596064633609844,0.42810911981673616,0.9155471817621509,1.745620276711204,0.04432553795896409
development,direct,30,LightGBM,55,2166.0,2224.4320249557495,11.525574441389605,14.571839155871286,196.39449118189341,0.2926623242273445,0.4161589225671117,0.873195979344985,1.0624004537409002,0.02697692749572923
development,direct,30,DynamicRidge,55,2166.0,1895.086646080017,14.935009297457608,19.025859754346033,248.2736655393922,0.379236154829256,0.5027715621698581,0.9729592057676423,-4.92569734399969,-0.1250754173222451
development,direct,30,SeasonalNaive,55,2166.0,3144.25,23.96818181818182,30.175716456057238,301.71527368755625,0.6086103416435826,0.6287051605908103,1.1940741576599447,17.786363636363635,0.4516389658356417
development,direct,30,MovingAvg28,55,2166.0,2630.6687016687024,24.404125504125513,28.690617367938216,360.6064741695904,0.6196800104925685,0.6317769945065743,1.1586613809503752,8.448521848521851,0.2145284864583111
recent_benchmark,direct,1,NeuralNet,28,1269.0,1145.4710061029123,10.120941074952928,18.0450005294141,38.8187774604202,0.2233146966892687,0.3014022988437851,0.3790604829549449,-4.411749782038846,-0.09734357281094379
recent_benchmark,direct,1,Ensemble,28,1269.0,1186.6522959426231,11.65029032606623,20.297574008026455,36.38672838866858,0.2570592034120208,0.3020797283060914,0.34833505772521917,-2.9409894306205944,-0.0648918077678303
recent_benchmark,direct,1,XGBoost,28,1269.0,1076.7900943756104,13.870028632027763,25.76543538988694,35.85559470467549,0.3060368807697221,0.32368918320762363,0.35847794528945426,-6.864639486585345,-0.1514656466701258
recent_benchmark,direct,1,LightGBM,28,1269.0,1295.0902824401855,13.807891300746373,22.14441211481377,39.47828935392389,0.30466584430330845,0.32297992455098784,0.3621154908903918,0.9317958014351981,0.02055971823497679
recent_benchmark,direct,1,DynamicRidge,28,1269.0,1482.2279977798462,12.782051801681519,16.836533544293005,81.93480294293396,0.28203108782276004,0.5104110658619045,0.6274123010891005,7.615285634994507,0.16802836704479604
recent_benchmark,direct,1,SeasonalNaive,28,1269.0,2174.0,54.892857142857146,81.83192705609642,282.10194421605047,1.211189913317573,0.7610818836619392,1.157293697617299,32.32142857142857,0.7131599684791174
recent_benchmark,direct,1,MovingAvg28,28,1269.0,2966.5,80.625,84.70025555342986,600.8970949472297,1.7789598108747045,1.2605926520337913,1.7882198450810893,60.625,1.3376674546887313
recent_benchmark,direct,2,NeuralNet,28,1227.0,1351.7101270890678,9.790804872859232,14.987392652564013,31.62472196695377,0.2234250500733973,0.24908029311799026,0.31845400694033826,4.453933110323844,0.1016382453863632
recent_benchmark,direct,2,Ensemble,28,1227.0,1308.838133449666,9.219374940606034,14.98552703363133,26.71200964711426,0.21038508421920862,0.2192983163784932,0.295792217190811,2.9227904803452023,0.06669774527275116
recent_benchmark,direct,2,XGBoost,28,1227.0,1262.1464014053345,10.23222007070269,14.60595400755413,28.601586479618163,0.23349809452296275,0.28043809797681585,0.3509184831131765,1.2552286216190882,0.028644173924477972
recent_benchmark,direct,2,LightGBM,28,1227.0,1299.194582939148,12.81356474331447,18.93606164596279,35.03246401128867,0.29240408542200913,0.29874252224732334,0.3624228872156714,2.5783779621124268,0.05883829090395106
recent_benchmark,direct,2,DynamicRidge,28,1227.0,949.1876592636108,19.525825466428483,33.40857217683194,41.78833370097429,0.4455771092583517,0.4269056420273736,0.57006636806238,-9.921869312013898,-0.22641592562052906
recent_benchmark,direct,2,SeasonalNaive,28,1227.0,2475.0,45.57142857142857,62.9631411450949,127.13374563854988,1.0399348003259983,0.6388334646799168,0.8255119761516444,44.57142857142857,1.017114914425428
recent_benchmark,direct,2,MovingAvg28,28,1227.0,4117.75,103.24107142857144,108.09410317083037,424.61748767439013,2.355949470252649,1.20355064967609,1.5679786276576806,103.24107142857144,2.355949470252649
recent_benchmark,direct,3,NeuralNet,28,1082.0,1068.1951885095114,10.185541777024193,14.864892049445348,126.89538568855802,0.2635814877603303,0.63503936997101,0.7450320562422604,-0.49302898180316795,-0.012758605813760353
recent_benchmark,direct,3,Ensemble,28,1082.0,1090.1895811034753,7.747484271958447,11.790742776980759,85.5537247833344,0.20048942663108735,0.48214184094141965,0.5789306513130329,0.29248503940983384,0.007568928931123242
recent_benchmark,direct,3,XGBoost,28,1082.0,881.9834771156311,11.730734263147626,23.48156908763193,68.72737716548636,0.30356798462858925,0.4546378911166301,0.522240728720973,-7.143447245870318,-0.18485815423693983
recent_benchmark,direct,3,LightGBM,28,1082.0,1243.9575486183167,12.323716487203326,22.315455064357923,76.86628613205725,0.31891318081487346,0.47623982475265436,0.5743427877316964,5.78419816493988,0.14968350149567158
recent_benchmark,direct,3,DynamicRidge,28,1082.0,1692.5463523864746,22.353617940630233,36.09735360156027,180.81711320559387,0.5784670077057731,0.7746145611057765,0.9093025097045783,21.80522687094552,0.5642757415771484
recent_benchmark,direct,3,SeasonalNaive,28,1082.0,2087.0,51.67857142857143,79.92295397086228,644.7335222147337,1.3373382624768946,1.1458261166362518,1.6916665207981583,35.892857142857146,0.9288354898336414
recent_benchmark,direct,3,MovingAvg28,28,1082.0,3151.249999999999,83.94260204081631,90.14155003863283,2044.151343037331,2.172266965936097,1.3877656965655716,2.4720577466277716,73.90178571428571,1.912430683918669
recent_benchmark,direct,4,NeuralNet,28,1121.0,1021.030955665134,10.191400759434575,18.00578670314145,207.78928800643666,0.25455773529363795,0.6466253859914242,1.0180310666494774,-3.5703230119595024,-0.08917845168141487
recent_benchmark,direct,4,Ensemble,28,1121.0,1151.9503925107083,10.620471483067092,16.517719194862565,178.45155151977445,0.26527493445662675,0.6495646787328381,0.9569828068478201,1.1053711610967258,0.027609627574226876
recent_benchmark,direct,4,XGBoost,28,1121.0,1198.3521345853806,10.770316766841072,20.349964392764438,120.9329783905553,0.26901772477390723,0.6447862589482004,0.8056873601492693,2.7625762351921628,0.0690027962403038
recent_benchmark,direct,4,LightGBM,28,1121.0,1243.0543969869614,12.712820798158646,19.89198349319099,196.40989492597654,0.3175370047711348,0.708052413540619,1.0169819663793729,4.3590856066771915,0.10887992594733395
recent_benchmark,direct,4,DynamicRidge,28,1121.0,1748.4343152046204,24.55783552782876,38.74050018947052,431.10746777878785,0.6133982112214142,0.926576882865901,1.3953552783181422,22.408368400165013,0.559709469406441
recent_benchmark,direct,4,SeasonalNaive,28,1121.0,2365.0,58.0,89.40837289011104,444.8801039944985,1.4487065120428189,1.3051919281386173,1.576932751722972,44.42857142857143,1.1097234611953612
recent_benchmark,direct,4,MovingAvg28,28,1121.0,3053.7499999999995,95.43494897959184,98.51403446841927,3233.9583100410423,2.383745380400153,1.49981140390273,2.8332800243366925,69.02678571428574,1.7241302408563786
recent_benchmark,direct,5,NeuralNet,28,627.0,747.5318942053254,5.8120346166724675,8.544826819471687,52.7118747756459,0.25954859532189645,0.3055079156108527,0.4757427833223294,4.304710507333051,0.1922358759255589
recent_benchmark,direct,5,Ensemble,28,627.0,743.2410438436199,6.603831312354586,9.414740775068767,49.95811232175433,0.2949079373938252,0.3383166022381026,0.4600457333557553,4.151465851557854,0.18539241442363627
recent_benchmark,direct,5,XGBoost,28,627.0,671.9132385253906,5.55088564327785,7.568037072207885,38.80528224694414,0.24788644021017509,0.3486167491195173,0.3902030361618198,1.6040442330496651,0.07163195937063896
recent_benchmark,direct,5,LightGBM,28,627.0,785.0032110214233,9.018698113305229,13.18490452478089,59.502038210548704,0.4027488790630724,0.4003501192413287,0.5194818655934069,5.642971822193691,0.25199874166096226
recent_benchmark,direct,5,DynamicRidge,28,627.0,678.531741142273,6.16649671963283,8.108363815492906,73.37627689995004,0.27537784393894615,0.3750950759018355,0.5745921086406269,1.8404193265097482,0.08218778491590582
recent_benchmark,direct,5,SeasonalNaive,28,627.0,1073.0,22.714285714285715,33.33380952040821,384.421156294299,1.014354066985646,0.8252236985559891,1.3014595899564663,15.928571428571429,0.7113237639553429
recent_benchmark,direct,5,MovingAvg28,28,627.0,1927.7499999999995,46.45535714285713,52.74547506948935,677.6145409404279,2.0745614035087714,1.0991210470404036,1.6543753084631125,46.45535714285713,2.0745614035087714
recent_benchmark,direct,6,NeuralNet,28,426.0,396.57248418910336,3.565488987929237,4.748734928059638,24.442614481232525,0.23435138887797802,0.24879307008277593,0.2997278389118483,-1.0509827075320228,-0.06907867561243342
recent_benchmark,direct,6,Ensemble,28,426.0,415.20649837273254,2.8770842185379246,3.9564888774684075,21.863501456887033,0.1891041270400514,0.20530853265078605,0.26225573279344,-0.3854822009738386,-0.025336858279970613
recent_benchmark,direct,6,XGBoost,28,426.0,393.4304692745209,3.003226799624307,4.123734162768414,22.94618943994614,0.19739518870770092,0.22520715627503798,0.2677757918482764,-1.1631975259099687,-0.07645429747765053
recent_benchmark,direct,6,LightGBM,28,426.0,446.3661198616028,3.22434447492872,4.28194601646483,25.642406855932055,0.21192874483099566,0.22342603527286817,0.2806048458686601,0.7273614236286708,0.04780779310235395
recent_benchmark,direct,6,DynamicRidge,28,426.0,378.363242149353,3.903684275490897,5.312687035626072,26.96134021039728,0.2565801871214674,0.2562651238418684,0.2977432533850915,-1.701312780380249,-0.1118233752362605
recent_benchmark,direct,6,SeasonalNaive,28,426.0,569.0,10.035714285714286,13.46291201783626,96.04091445706352,0.6596244131455399,0.5529413410298888,0.7274191032858054,5.107142857142857,0.33568075117370894
recent_benchmark,direct,6,MovingAvg28,28,426.0,886.25,17.077806122448983,19.96089129078281,178.326850262853,1.1224849094567408,0.7651547151830184,0.9628521482479377,16.437500000000004,1.0803990610328642
recent_benchmark,direct,7,NeuralNet,28,398.0,406.4607366358502,4.420349503324718,5.795632327838209,80.06710818104115,0.31097936204294496,0.42377461894136265,0.5394366606346211,0.3021691655660777,0.021258132250879837
recent_benchmark,direct,7,Ensemble,28,398.0,401.00645384676204,4.84376226650105,6.628421390103824,76.05061666903777,0.34076719462821453,0.43694205051225676,0.5423599989852089,0.10737335167007307,0.00755390413759308
recent_benchmark,direct,7,XGBoost,28,398.0,381.4463622570038,5.113084937844958,6.94406891585794,71.92493322034807,0.3597145182403488,0.4400238259175761,0.5261954379897179,-0.5912013479641506,-0.041592054630643756
recent_benchmark,direct,7,LightGBM,28,398.0,408.5102515220642,5.9592982189995904,8.129175377503003,79.92934234800619,0.41924711088439326,0.48791463188721357,0.5913071625777233,0.3753661257880075,0.026407667140864847
recent_benchmark,direct,7,DynamicRidge,28,398.0,403.79237604141235,7.048970171383449,8.58046924543683,132.67297324149035,0.49590744924305674,0.6204802799259522,0.7623702696278961,0.20687057290758407,0.014553708646764708
recent_benchmark,direct,7,SeasonalNaive,28,398.0,505.0,13.535714285714286,17.64227876437735,271.5645228903267,0.9522613065326633,0.9225501489374264,1.250510278432635,3.8214285714285716,0.26884422110552764
recent_benchmark,direct,7,MovingAvg28,28,398.0,955.25,21.13137755102041,25.83362066441042,501.3001763894222,1.4866295764536972,0.9245772064564667,1.438113913402353,19.90178571428572,1.4001256281407037
recent_benchmark,direct,8,NeuralNet,28,810.0,967.4530551841937,9.067207139806133,14.571582334409511,50.25022716645192,0.3134343208821873,0.3428738281735235,0.4431326299138334,5.623323399435487,0.19438648788172055
recent_benchmark,direct,8,Ensemble,28,810.0,860.1116491893916,7.757364905901862,10.822598857975393,42.49411516908804,0.2681558239077187,0.3367356770740125,0.38796047218640123,1.789701756763989,0.061866233567150236
recent_benchmark,direct,8,XGBoost,28,810.0,810.0608787536621,8.565663031169347,11.304057685268285,42.54732451341717,0.2960969936700515,0.3627201231901244,0.41000053744013815,0.0021742412022181918,7.515895513840664e-05
recent_benchmark,direct,8,LightGBM,28,810.0,793.1111016273499,8.039637514523097,10.668418591408125,38.138802683622856,0.2779133955637614,0.33356800311222295,0.37379585021647893,-0.6031749418803624,-0.0208504918180866
recent_benchmark,direct,8,DynamicRidge,28,810.0,724.8872938156128,10.983817543302264,14.373060317973163,69.85344659639964,0.3796875200153869,0.45698098236870627,0.5653003025979305,-3.0397395065852573,-0.10507741504245334
recent_benchmark,direct,8,SeasonalNaive,28,810.0,1115.0,25.821428571428573,34.82353473483948,239.52687898641804,0.8925925925925926,0.7960322389238679,1.140771111834398,10.892857142857142,0.3765432098765432
recent_benchmark,direct,8,MovingAvg28,28,810.0,2143.25,48.55739795918367,58.33829637536214,471.58095273267844,1.67852733686067,0.9613062816629058,1.4547014446153044,47.61607142857143,1.6459876543209877
recent_benchmark,direct,9,NeuralNet,28,586.0,661.6344257461874,7.807472921624111,11.51507883017702,60.90951528141705,0.3730533136612203,0.4108623202902601,0.5180385356254327,2.7012294909352628,0.1290689859149955
recent_benchmark,direct,9,Ensemble,28,586.0,617.2709734702534,6.785418203230746,9.395660581029878,55.10325991649193,0.32421793462535986,0.39099374359295114,0.48530435928767923,1.116820481080474,0.05336343595606361
recent_benchmark,direct,9,XGBoost,28,586.0,611.3223626613617,6.273709969861167,8.575380580773585,44.91086597043512,0.29976771187049944,0.35608119467022853,0.4216288507502347,0.904370095048632,0.043212222971606984
recent_benchmark,direct,9,LightGBM,28,586.0,580.1333065032959,7.038842303412301,9.03368409291552,59.04913606789667,0.3363269359992226,0.41893451750818933,0.511086760547689,-0.2095247677394322,-0.010011422349324405
recent_benchmark,direct,9,DynamicRidge,28,586.0,505.36481618881226,7.9453156505312235,9.937030078540532,65.27975755621426,0.37963965565678204,0.45382440110007927,0.5678600454940606,-2.879827993256705,-0.13760270274946715
recent_benchmark,direct,9,SeasonalNaive,28,586.0,785.0,17.107142857142858,23.01629857296781,284.6705050967623,0.8174061433447098,0.7326556569426405,1.1450778953366325,7.107142857142857,0.3395904436860068
recent_benchmark,direct,9,MovingAvg28,28,586.0,1489.7499999999995,33.30994897959184,40.8687819023723,433.5697209515233,1.5916016577279377,0.8770364592086557,1.347866040449296,32.276785714285715,1.5422354948805461
recent_benchmark,direct,10,NeuralNet,28,415.0,425.62480308158075,4.607425792283403,5.947928086325969,57.10777439124685,0.31086246309382004,0.4341010895709068,0.4841491119428433,0.3794572529135994,0.025601935136339238
recent_benchmark,direct,10,Ensemble,28,415.0,407.1916372211321,4.691071075708842,6.299798830439945,51.45498621601341,0.31650600028878934,0.410199209536014,0.4498380163457868,-0.2788700992452827,-0.01881533199727209
recent_benchmark,direct,10,XGBoost,28,415.0,409.54453563690186,4.800652265548706,6.572653125233752,51.600970288857376,0.323899429964732,0.4132218151696422,0.4455377633650809,-0.19483801296779088,-0.013145697260477457
recent_benchmark,direct,10,LightGBM,28,415.0,388.6681389808655,5.226082273891994,7.099254389809906,51.1212445740276,0.3526031413710261,0.4350390407009613,0.457719623871192,-0.9404236078262329,-0.0634502675159868
recent_benchmark,direct,10,DynamicRidge,28,415.0,369.6519932746887,6.109249949455261,8.018469518036413,78.63450420593497,0.4121903580355357,0.5248522346183085,0.6397547141752684,-1.619571668761117,-0.10927230536219586
recent_benchmark,direct,10,SeasonalNaive,28,415.0,567.0,14.285714285714286,18.612591743993406,379.9937115462661,0.963855421686747,0.9296984461101856,1.3248964151689275,5.428571428571429,0.36626506024096384
recent_benchmark,direct,10,MovingAvg28,28,415.0,1013.25,21.957908163265305,27.0414164113238,525.2060930609092,1.481497418244406,0.8985278815855017,1.4562333185884122,21.366071428571427,1.441566265060241
recent_benchmark,direct,11,NeuralNet,28,1052.0,1226.6303032540104,10.759557225537776,17.76402911518635,45.42229300003953,0.28637604782800163,0.3446338712852853,0.39060715728100975,6.236796544786087,0.16599838712358408
recent_benchmark,direct,11,Ensemble,28,1052.0,1140.1777218593177,7.686404257783322,11.238215923761153,39.257990725537354,0.2045811019181873,0.3132390010204666,0.3637123032829474,3.149204352118486,0.08381912724269736
recent_benchmark,direct,11,XGBoost,28,1052.0,983.0889933109283,6.513868493693216,9.91468815416659,45.53469607699275,0.1733729256876521,0.36313080026521705,0.43951845285328245,-2.461107381752559,-0.06550475921014416
recent_benchmark,direct,11,LightGBM,28,1052.0,1161.0732419490814,8.916888279574257,14.16635338329373,37.53106026543258,0.23733162721300308,0.33123197346120475,0.37056134174048155,3.895472926752908,0.10368178892498234
recent_benchmark,direct,11,DynamicRidge,28,1052.0,1178.1697640419006,11.042629258973259,14.043641990695336,80.65651298212424,0.2939102844593643,0.4928915736804306,0.5834262867763048,4.506063001496451,0.11993323578127436
recent_benchmark,direct,11,SeasonalNaive,28,1052.0,1891.0,42.392857142857146,59.10130527927692,401.80348973608034,1.1283269961977187,1.0359245651129974,1.4992931017519266,29.964285714285715,0.7975285171102662
recent_benchmark,direct,11,MovingAvg28,28,1052.0,3232.000000000001,78.45153061224491,86.82291604179164,1103.3141942485831,2.088063552417165,1.2289411391033662,2.03200232079358,77.85714285714288,2.072243346007605
recent_benchmark,direct,12,NeuralNet,28,151.0,57.741050350913696,5.871484579041957,9.723917512491218,128.6521186279996,1.0887521073720186,1.5903066187134876,1.2400956996847432,-3.3306767731816542,-0.6176089380734193
recent_benchmark,direct,12,Ensemble,28,151.0,38.64863327731167,5.6022795416052125,9.94883049922451,99.12635035037283,1.0388332924830856,1.6393246554352456,1.3200794904554165,-4.012548811524583,-0.7440487862429691
recent_benchmark,direct,12,XGBoost,28,151.0,45.227390587329865,5.753198238355773,9.866772399594208,121.11481702080285,1.066818216383852,1.5703061410453896,1.330175860756699,-3.777593193309648,-0.7004808570375506
recent_benchmark,direct,12,LightGBM,28,151.0,16.80771154910326,5.543045320415071,10.345039652495746,70.66386854296908,1.0278494633882251,1.7336386477054404,1.5490012228196315,-4.792581730389169,-0.8886906519926936
recent_benchmark,direct,12,DynamicRidge,28,151.0,66.65833718329668,6.629943468474916,10.35851099260325,188.87349172164397,1.2293934908430308,1.593117394588047,1.5494559308942437,-3.01220224345369,-0.5585540583887637
recent_benchmark,direct,12,SeasonalNaive,28,151.0,21.0,5.571428571428571,10.406042200842466,75.89285714285714,1.033112582781457,1.0530612196811202,1.5761625005171775,-4.642857142857143,-0.8609271523178808
recent_benchmark,direct,12,MovingAvg28,28,151.0,294.5,14.821428571428575,17.484431850731013,917.7921136403279,2.748344370860928,1.9034365970995781,2.2797811240098382,5.125,0.9503311258278145
recent_benchmark,direct,13,NeuralNet,28,591.0,631.8688824622549,4.26859301807545,5.201496837929946,26.225871248715617,0.20223452539105347,0.2331050899904073,0.2812442212465385,1.4596029450805277,0.06915208538452584
recent_benchmark,direct,13,Ensemble,28,591.0,689.0260020130412,4.868409939932003,5.75957773842433,30.794831103157115,0.23065224757715075,0.25594491767953415,0.2956282513192987,3.500928643322905,0.16586463961597522
recent_benchmark,direct,13,XGBoost,28,591.0,688.4524965286255,5.195824589048113,6.114212326573778,31.56189963885079,0.24616427833053667,0.2637195901140469,0.2981213212325004,3.4804463045937672,0.16489424116518694
recent_benchmark,direct,13,LightGBM,28,591.0,742.1540517807007,6.719185454504831,8.329250947162487,39.79253868732316,0.31833704352983966,0.3131402602209188,0.3634855103776008,5.398358992167881,0.2557598168878184
recent_benchmark,direct,13,DynamicRidge,28,591.0,669.7173986434937,6.038879156112671,7.207216990460232,41.64661550565653,0.28610594986659016,0.31022379990471016,0.3871812276148837,2.811335665839059,0.13319356792469314
recent_benchmark,direct,13,SeasonalNaive,28,591.0,814.0,13.535714285714286,19.308584323337342,103.26118461261835,0.6412859560067682,0.5206733765326386,0.7395501883685728,7.964285714285714,0.377326565143824
recent_benchmark,direct,13,MovingAvg28,28,591.0,1540.0000000000005,33.892857142857146,40.302523089093796,224.13802819344872,1.6057529610829102,0.8626647195343695,1.1077259570334834,33.892857142857146,1.6057529610829102
recent_benchmark,direct,14,NeuralNet,28,671.0,607.3827487355215,6.458083846462379,8.378940330515453,82.59745456537877,0.26948785052302027,0.38073159617087704,0.6213560880595321,-2.2720446880170875,-0.09480961440309754
recent_benchmark,direct,14,Ensemble,28,671.0,610.6971671340135,6.541774479195721,9.764002668443267,83.01637045973287,0.2729801571050375,0.3606624020557035,0.6191268028876613,-2.15367260235666,-0.08987009368999474
recent_benchmark,direct,14,XGBoost,28,671.0,608.9819302558899,7.074644786970956,10.819790640872146,78.93392754796422,0.29521617590936927,0.36402316466530776,0.6080060351143913,-2.2149310622896468,-0.0924263334487483
recent_benchmark,direct,14,LightGBM,28,671.0,614.8561410903931,7.090254613331386,10.948200379802456,89.73590973807333,0.2958675546546629,0.37660520204871767,0.6457933871740968,-2.0051378182002475,-0.08367192087869886
recent_benchmark,direct,14,DynamicRidge,28,671.0,542.1169385910034,9.26131456238883,13.249924740472377,121.98386248358003,0.3864632008150331,0.45392426638315103,0.7605148893192514,-4.602966478892735,-0.19207609747987567
recent_benchmark,direct,14,SeasonalNaive,28,671.0,528.0,16.107142857142858,20.69592782581705,249.38400199656766,0.6721311475409836,0.7907093944916254,1.253172344661917,-5.107142857142857,-0.21311475409836064
recent_benchmark,direct,14,MovingAvg28,28,671.0,978.0,25.97448979591837,29.305622588611257,368.8834101028877,1.0838833297849693,0.901562979298303,1.291859497768023,10.964285714285714,0.45752608047690013
recent_benchmark,direct,15,NeuralNet,28,541.0,520.9861029111178,4.478279241208508,5.68478608173791,54.31704929227185,0.23177785351910946,0.3196890265284507,0.50337151171425,-0.7147820388886521,-0.036994264489616006
recent_benchmark,direct,15,Ensemble,28,541.0,534.6800477405607,3.6161900264756537,4.600362186280728,42.79551451197435,0.1871595577473536,0.27048789111820765,0.4354260328875658,-0.22571258069426087,-0.011681981995266736
recent_benchmark,direct,15,XGBoost,28,541.0,561.2397356033325,3.5219126088278636,4.336343441365277,41.38188648129531,0.1822801350225142,0.27347152547461645,0.42307472712740596,0.7228477001190186,0.03741171091189006
recent_benchmark,direct,15,LightGBM,28,541.0,530.2951712608337,3.8383337599890575,4.8259308910371805,37.32236345715796,0.19865683046154087,0.2627421007965138,0.3981325169579291,-0.38231531211308073,-0.019787114120455192
recent_benchmark,direct,15,DynamicRidge,28,541.0,573.9870004653931,5.554347004209246,6.696711558085259,89.00732623774127,0.2874708246171144,0.3814672512012472,0.6356000911779155,1.178107159478324,0.06097412285654911
recent_benchmark,direct,15,SeasonalNaive,28,541.0,691.0,13.714285714285714,17.864569884071017,231.05694220816525,0.7097966728280961,0.6902161982351487,1.0896257800893845,5.357142857142857,0.27726432532347506
recent_benchmark,direct,15,MovingAvg28,28,541.0,1075.25,20.059948979591837,23.436593519885232,322.96934554279085,1.0382228677053076,0.7541972709262963,1.1630418533203308,19.08035714285714,0.9875231053604434
recent_benchmark,direct,16,NeuralNet,28,808.0,824.8601567615499,8.228305173219235,10.3546820526587,58.88914190364656,0.28513928818086454,0.38110211493723106,0.4958573237908336,0.6021484557696396,0.02086653064548256
recent_benchmark,direct,16,Ensemble,28,808.0,792.7439485622442,7.456094477239779,8.943696614438487,49.993664842988125,0.2583795115875171,0.34993688432758124,0.43730450789140685,-0.5448589799198553,-0.018881251779400927
recent_benchmark,direct,16,XGBoost,28,808.0,763.2262117862701,7.653892934322357,9.719464580872172,40.34987556593818,0.26523391356562626,0.3251560624576545,0.4019921965940923,-1.5990638647760664,-0.05541310422491319
recent_benchmark,direct,16,LightGBM,28,808.0,782.0198440551758,8.259249005998884,10.276427201347445,53.448001484486994,0.2862115992177831,0.38047129333593993,0.4827628808571899,-0.9278627123151507,-0.03215365834755472
recent_benchmark,direct,16,DynamicRidge,28,808.0,849.0214385986328,9.652626855032784,11.69345043364215,88.22563373107135,0.3344969702239084,0.4473743276830827,0.6356210031981987,1.4650513785226005,0.05076910717652576
recent_benchmark,direct,16,SeasonalNaive,28,808.0,935.0,20.964285714285715,27.764957358923805,243.6385602870124,0.7264851485148515,0.7582860802058171,1.1543106128086333,4.535714285714286,0.15717821782178218
recent_benchmark,direct,16,MovingAvg28,28,808.0,1179.7500000000002,21.82015306122449,25.37897073587195,233.0759865811626,0.756143917963225,0.7090907466127149,1.0598667995648297,13.27678571428571,0.4600866336633662
recent_benchmark,direct,17,NeuralNet,28,406.0,304.28751288404,4.6240563440395155,6.938936951932559,34.41189157177927,0.31890043751996655,0.3551827127486658,0.42994922706500127,-3.6325888255699987,-0.2505233672806896
recent_benchmark,direct,17,Ensemble,28,406.0,310.5035329182742,4.090077438951361,6.3876030636665435,30.14843045193282,0.2820743061345766,0.3315034075124305,0.3843494993074779,-3.4105881100616364,-0.23521297310769906
recent_benchmark,direct,17,XGBoost,28,406.0,307.0701355934143,4.014409967831203,6.453892957538598,27.851633634634844,0.27685585985042777,0.3079980503047296,0.3481609192687675,-3.533209443092346,-0.24366961676498938
recent_benchmark,direct,17,LightGBM,28,406.0,318.44229328632355,4.798683060067041,6.49442859790155,36.23736672702872,0.33094365931496833,0.42456236789619456,0.452913763429367,-3.1270609540598735,-0.21565937614206024
recent_benchmark,direct,17,DynamicRidge,28,406.0,313.025785446167,5.453054700578962,8.304870041375374,41.11844561397889,0.3760727379709629,0.3989927879152399,0.4686993255144796,-3.320507662636893,-0.22900052845771676
recent_benchmark,direct,17,SeasonalNaive,28,406.0,461.0,11.464285714285714,15.412193688301295,124.71858739103898,0.7906403940886699,0.7036831472310616,0.9482699976213631,1.9642857142857142,0.1354679802955665
recent_benchmark,direct,17,MovingAvg28,28,406.0,738.5,14.13265306122449,16.741792841599146,214.16910785504365,0.9746657283603096,0.7547515490277101,1.0238223096883363,11.875,0.8189655172413793
recent_benchmark,direct,18,NeuralNet,28,447.0,451.64141829429457,5.12443322166405,6.194419850415679,87.47600748325458,0.32099357988052213,0.4786436805348245,0.5935831216919305,0.16576493908194964,0.010383486116990135
recent_benchmark,direct,18,Ensemble,28,447.0,453.87926151377576,5.175483556041651,6.298934999684197,85.8695020157312,0.32419136368940993,0.4760131344658248,0.5771254463772857,0.2456879112062782,0.015389846786970446
recent_benchmark,direct,18,XGBoost,28,447.0,461.44887948036194,5.387361977781568,6.612574777452184,88.8009134316478,0.33746339010712284,0.4960879520942169,0.5809788872985647,0.5160314100129264,0.032324115168594944
recent_benchmark,direct,18,LightGBM,28,447.0,451.09264373779297,5.572718960898263,7.005780130065284,85.80711871119831,0.34907411835604335,0.48346560648092074,0.5791400257395002,0.1461658477783203,0.009155802545398141
recent_benchmark,direct,18,DynamicRidge,28,447.0,447.225887298584,7.76991741997855,10.147897150441016,184.06016259099113,0.486706236598209,0.5998154041610306,0.9059378366292841,0.008067403520856584,0.0005053407127158488
recent_benchmark,direct,18,SeasonalNaive,28,447.0,562.0,13.464285714285714,18.317633970731983,417.14840740694774,0.843400447427293,0.9242628184874333,1.368937561267712,4.107142857142857,0.25727069351230425
recent_benchmark,direct,18,MovingAvg28,28,447.0,1015.4999999999999,22.418367346938773,27.179287112784685,620.9176857014868,1.404282518376478,0.9148968857168477,1.5071384882318875,20.303571428571427,1.2718120805369129
recent_benchmark,direct,19,NeuralNet,28,326.0,289.6756850365656,4.166782393841681,7.387783510818925,54.79659054785092,0.35788315039130997,0.40968066627713295,0.5242688679821184,-1.2972969629798001,-0.1114242790289399
recent_benchmark,direct,19,Ensemble,28,326.0,301.08659950317826,4.480245405195989,7.309287953419067,79.86342565686137,0.3848063538205144,0.45258373378553857,0.610151882029186,-0.8897643034579189,-0.07642147391663107
recent_benchmark,direct,19,XGBoost,28,326.0,324.923357963562,5.2473699024745395,7.866048424543508,108.25105873275093,0.4506943474518009,0.49572024115165175,0.6975568316711436,-0.03845150130135672,-0.0033025829338588597
recent_benchmark,direct,19,LightGBM,28,326.0,296.33977794647217,4.904248918805804,7.440486475810877,89.40426970747237,0.4212238335170629,0.4873516477170485,0.6477189481784763,-1.0592936447688512,-0.09098227623781543
recent_benchmark,direct,19,DynamicRidge,28,326.0,247.69306993484497,6.4844753912517,9.89030574177733,100.66712384238056,0.5569488066105754,0.6077455626000667,0.8119219424712145,-2.796676073755537,-0.2402053069483283
recent_benchmark,direct,19,SeasonalNaive,28,326.0,232.0,6.642857142857143,9.942692937888753,139.295038216062,0.5705521472392638,0.6980070940273242,1.0128887148869916,-3.357142857142857,-0.2883435582822086
recent_benchmark,direct,19,MovingAvg28,28,326.0,579.4999999999999,17.696428571428573,21.43284183638916,405.1610601819858,1.5199386503067487,0.9728597938181157,1.3895511785336456,9.053571428571429,0.7776073619631901
recent_benchmark,direct,20,NeuralNet,28,380.0,412.7101166771682,4.380239711736045,5.812634423355167,53.195923892237396,0.3227545050752875,0.34773905481626594,0.4375299347552312,1.1682184527560062,0.08607925441360045
recent_benchmark,direct,20,Ensemble,28,380.0,392.64750161624545,4.018928942977751,5.706908013066413,44.1762878296991,0.2961316063246764,0.32218837186505084,0.3951657440411428,0.45169648629448034,0.0332828989901196
recent_benchmark,direct,20,XGBoost,28,380.0,373.8394842147827,3.849521739142282,5.591410180395189,34.43301152326495,0.28364897025258917,0.30006700865761377,0.3456810530587879,-0.22001842090061732,-0.016211883645308647
recent_benchmark,direct,20,LightGBM,28,380.0,386.1845860481262,4.317427379744394,6.39576031498266,46.48484574894066,0.31812622798116585,0.3431880055310735,0.41558237203489484,0.22087807314736502,0.016275226442437424
recent_benchmark,direct,20,DynamicRidge,28,380.0,359.4251399040222,4.77703320980072,6.710642063210679,64.71704246020292,0.35199192072215835,0.38502338517267626,0.4926947956697447,-0.7348164319992065,-0.054144368673625744
recent_benchmark,direct,20,SeasonalNaive,28,380.0,430.0,9.357142857142858,13.04935685333627,191.1979584875704,0.6894736842105263,0.6436924656501997,0.9268830890332781,1.7857142857142858,0.13157894736842105
recent_benchmark,direct,20,MovingAvg28,28,380.0,504.2499999999999,8.376275510204083,10.16808670522129,156.1913308551026,0.6171992481203009,0.5816608094837052,0.7821474211015176,4.4375,0.3269736842105263
recent_benchmark,direct,21,NeuralNet,28,247.0,180.44269092012817,4.079584648977473,4.857507639527244,70.85125345077779,0.4624630371310496,0.5875065774979981,0.6160520012609398,-2.3770467528525643,-0.2694627897970518
recent_benchmark,direct,21,Ensemble,28,247.0,199.1453014032699,3.774525158595798,4.559614425230779,70.65772020220798,0.42788139449668966,0.5355708270985687,0.5891148995445366,-1.7090963784546456,-0.1937437190151015
recent_benchmark,direct,21,XGBoost,28,247.0,205.69396114349365,3.5218617575509206,4.2743464391397294,68.2180593687251,0.3992393895199424,0.5138029022440065,0.5728006331884788,-1.4752156734466553,-0.16723092654456012
recent_benchmark,direct,21,LightGBM,28,247.0,212.21139073371887,3.7686873418944224,4.732900662979382,74.08772982359547,0.42721961770463085,0.5275955760662585,0.6041962299519461,-1.2424503309386117,-0.14084457192826366
recent_benchmark,direct,21,DynamicRidge,28,247.0,187.02114248275757,4.27244634287698,5.13715566440886,78.06541792302032,0.48432590121682356,0.578431808554245,0.6532327003165691,-2.1421020541872298,-0.24282938266090054
recent_benchmark,direct,21,SeasonalNaive,28,247.0,265.0,6.071428571428571,7.564012540595482,154.65834159750858,0.6882591093117408,0.7315276019160956,0.977880641664834,0.6428571428571429,0.0728744939271255
recent_benchmark,direct,21,MovingAvg28,28,247.0,380.25,6.7691326530612255,8.395345375837246,180.847721076008,0.767351069982649,0.6558272221923452,0.9245269108398144,4.758928571428571,0.5394736842105263
recent_benchmark,direct,22,NeuralNet,28,466.0,478.1991634178363,3.839715533148459,4.725895570308899,44.89128297581937,0.23071252130505762,0.3012381908791704,0.3932549227572773,0.4356844077798672,0.02617846227003494
recent_benchmark,direct,22,Ensemble,28,466.0,479.5937545040203,3.6579403041612895,4.632591443780514,37.70392388746989,0.21979040454188004,0.27443660958805205,0.34399266647548904,0.4854912322864396,0.029171147004335426
recent_benchmark,direct,22,XGBoost,28,466.0,477.28401374816895,3.716033935546875,4.931806702654087,34.96881850056124,0.22328100900281653,0.2691852294432784,0.32504492325956197,0.40300049100603375,0.024214621777186578
recent_benchmark,direct,22,LightGBM,28,466.0,482.3616724014282,3.896867275238037,5.03662108622207,36.220402916398356,0.23414653155936704,0.27859035362365875,0.3327573754861924,0.5843454429081508,0.035110884981605625
recent_benchmark,direct,22,DynamicRidge,28,466.0,409.2104558944702,5.747031654630389,8.557501504595894,51.876004181594645,0.34531520671598903,0.36838028724674937,0.47646923997143287,-2.028198003768921,-0.1218659744753858
recent_benchmark,direct,22,SeasonalNaive,28,466.0,671.0,12.178571428571429,16.6400978705913,155.20413534742636,0.7317596566523605,0.6239011526328327,0.8916478660631905,7.321428571428571,0.43991416309012876
recent_benchmark,direct,22,MovingAvg28,28,466.0,960.7499999999999,18.256377551020414,20.43749024839061,242.60441143264657,1.0969497240956472,0.8110047046307173,1.0642914696402788,17.66964285714286,1.0616952789699574
recent_benchmark,direct,23,NeuralNet,28,656.0,573.8331482557384,5.244815338812665,6.71612311314147,27.523187982759417,0.22386406933956499,0.27820918887937135,0.3339743886231079,-2.9345304194379196,-0.1252543471711307
recent_benchmark,direct,23,Ensemble,28,656.0,588.9016876368975,5.196420184946027,7.099840965360453,27.8614039775127,0.22179842252818407,0.263088723698915,0.330054860480424,-2.39636829868224,-0.10228401274863219
recent_benchmark,direct,23,XGBoost,28,656.0,575.9225149154663,5.571245772497995,7.90467655361732,29.619961222257764,0.2377970756554022,0.27219203114795953,0.3374240308405099,-2.859910181590489,-0.12206933701910623
recent_benchmark,direct,23,LightGBM,28,656.0,611.1310911178589,5.678271566118513,7.7732745283974065,31.33441648961452,0.24236524977335117,0.2816538360044997,0.3585538579416577,-1.6024610315050398,-0.0683977269544834
recent_benchmark,direct,23,DynamicRidge,28,656.0,530.4339332580566,8.295928955078125,10.766081547350359,53.77092241836075,0.3540945285704078,0.41379302951695657,0.5106562246918299,-4.484502383640835,-0.191411687106621
recent_benchmark,direct,23,SeasonalNaive,28,656.0,701.0,14.964285714285714,19.236312387921814,144.83523898260842,0.6387195121951219,0.646836141966056,0.9194736471188476,1.6071428571428572,0.06859756097560976
recent_benchmark,direct,23,MovingAvg28,28,656.0,934.7499999999998,14.309948979591837,17.919809683186724,141.40182057059783,0.6107905052264808,0.5476603342851336,0.8287701467727826,9.955357142857142,0.4249237804878049
recent_benchmark,direct,24,NeuralNet,28,1372.0,1497.6554439011263,9.269575994334247,11.782121120855903,26.91763529852479,0.18917502029253563,0.20978275056897372,0.30075232201297053,4.487694425040227,0.09158560051102506
recent_benchmark,direct,24,Ensemble,28,1372.0,1510.5070059088366,7.982185637139655,9.97073296924147,22.319088091574983,0.16290174769672766,0.18378187482625172,0.25270268179138633,4.946678782458451,0.10095262821343778
recent_benchmark,direct,24,XGBoost,28,1372.0,1423.6414442062378,8.032928228378296,9.890289776745773,20.3695186651601,0.16393731078323054,0.18557320814993444,0.2429698509118524,1.8443372930799211,0.037639536593467776
recent_benchmark,direct,24,LightGBM,28,1372.0,1578.053038597107,9.138068505695887,11.91940276647798,23.606580428439244,0.18649119399379363,0.19718748223995744,0.2603293804391434,7.359037092753819,0.15018443046436367
recent_benchmark,direct,24,DynamicRidge,28,1372.0,1547.572769165039,9.476760864257812,11.654739576505548,30.232348888537075,0.193403282944037,0.23176634197458065,0.32456522154929773,6.270456041608538,0.1279684906450722
recent_benchmark,direct,24,SeasonalNaive,28,1372.0,1617.0,23.607142857142858,31.44666686857062,67.33607878770461,0.48177842565597667,0.43411477572610935,0.6016658348423084,8.75,0.17857142857142858
recent_benchmark,direct,24,MovingAvg28,28,1372.0,1804.5,21.244897959183668,26.068700933635853,69.78089774160946,0.4335693461057891,0.41575294017444886,0.5805944317577977,15.446428571428568,0.3152332361516034
recent_benchmark,direct,25,NeuralNet,28,997.0,1131.1523977888644,7.113705645846986,9.360904143294187,37.368162016519854,0.1997831074059334,0.25607834906371085,0.3856371986230492,4.791157063888012,0.13455606598682482
recent_benchmark,direct,25,Ensemble,28,997.0,1171.8250374688987,7.641899092963485,10.159448544283949,36.96923771734543,0.21461702568001764,0.2610328452472902,0.3733005831614236,6.243751338174962,0.17535109074112232
recent_benchmark,direct,25,XGBoost,28,997.0,1115.1210136413574,6.920347213745117,9.88774043373279,32.197837944895475,0.1943527803258408,0.23569496027300343,0.3379207264586903,4.21860763004848,0.11847644297026823
recent_benchmark,direct,25,LightGBM,28,997.0,1245.7177457809448,10.311509234564644,14.272431793892506,43.729445242799564,0.2895910316627985,0.3051351439390877,0.4129943580939426,8.882776635033744,0.2494661442135856
recent_benchmark,direct,25,DynamicRidge,28,997.0,948.6299438476562,11.008240154811315,14.614779006029508,41.3843425695984,0.3091581989315113,0.32656450395719794,0.41293090365225554,-1.7275020054408483,-0.04851560296122743
recent_benchmark,direct,25,SeasonalNaive,28,997.0,1373.0,24.285714285714285,36.062445840513924,133.39362268950148,0.6820461384152458,0.5422084038348671,0.8589569824746577,13.428571428571429,0.37713139418254765
recent_benchmark,direct,25,MovingAvg28,28,997.0,2348.0,48.25000000000001,56.9357463214778,234.9387622490847,1.3550651955867605,0.8439779197811965,1.1404596762450683,48.25000000000001,1.3550651955867605
recent_benchmark,direct,26,NeuralNet,28,2490.0,3191.999733820465,35.723267111751134,52.80424858729382,52.421172333464305,0.4017074213369605,0.39691967577654746,0.47873314889651847,25.071419065016606,0.2819276039439618
recent_benchmark,direct,26,Ensemble,28,2490.0,2845.657515698042,23.03395173036671,29.546652472582288,45.021034243327044,0.25901632467882246,0.3434205859579546,0.4152765272917859,12.70205413207292,0.14283434365383205
recent_benchmark,direct,26,XGBoost,28,2490.0,2764.885808944702,22.414759704044886,31.1024669830632,47.16013489121585,0.25205352277640836,0.33615738518688004,0.43962984170555525,9.817350319453649,0.1103959072067077
recent_benchmark,direct,26,LightGBM,28,2490.0,2577.733741760254,25.319287708827428,32.86708469835543,45.357834433638025,0.28471488186633254,0.38400243212086116,0.44747735059244587,3.133347920009068,0.035234434441869036
recent_benchmark,direct,26,DynamicRidge,28,2490.0,4120.90536403656,84.59580383981977,179.50487446009387,67.30665590543522,0.9512781154678529,0.5446774262856211,0.6736929206364444,58.24662014416286,0.6549820739102651
recent_benchmark,direct,26,SeasonalNaive,28,2490.0,3831.0,68.89285714285714,92.99251121922207,138.49974321354205,0.7746987951807229,0.6532894130521072,0.8718300853563805,47.892857142857146,0.5385542168674698
recent_benchmark,direct,26,MovingAvg28,28,2490.0,4435.25,97.6466836734694,104.83872910283662,301.7219941620464,1.0980349971313828,0.9326206652118689,1.3168090237392645,69.47321428571429,0.7812248995983936
recent_benchmark,direct,27,NeuralNet,28,556.0,731.1308844315505,6.9369987653272664,8.726399929859442,53.43974428926861,0.34934526156324364,0.3614116849983714,0.45887014705630025,6.254674443983947,0.3149836050927168
recent_benchmark,direct,27,Ensemble,28,556.0,733.0796459040938,6.624573867005127,8.519270104294742,51.07427210272723,0.33361163359018625,0.34076463485513336,0.44137966237407256,6.324273068003351,0.31848857176995293
recent_benchmark,direct,27,XGBoost,28,556.0,712.1275768280029,6.476159640720913,8.760761230643201,50.74621032937867,0.3261375358636431,0.3328113515804004,0.4478862896963737,5.57598488671439,0.2808049942949693
recent_benchmark,direct,27,LightGBM,28,556.0,748.3093161582947,7.056680866650173,9.511352691075114,52.24914191501527,0.35537241774497275,0.3424466408112467,0.45206924266795023,6.868189862796238,0.3458800650329041
recent_benchmark,direct,27,DynamicRidge,28,556.0,617.3313913345337,6.061969723020281,7.480503910189018,51.72638678010425,0.3052790507995825,0.3413332245680635,0.45250031149237635,2.1904068333762035,0.1103082577959239
recent_benchmark,direct,27,SeasonalNaive,28,556.0,814.0,14.214285714285714,19.590449568238967,116.28751661776798,0.7158273381294964,0.5958804775927243,0.8191783742201925,9.214285714285714,0.46402877697841727
recent_benchmark,direct,27,MovingAvg28,28,556.0,1184.25,22.437500000000004,25.436740010208442,197.3472775655528,1.1299460431654678,0.7917783024108992,1.0176280867043677,22.437500000000004,1.1299460431654678
recent_benchmark,direct,28,NeuralNet,28,723.0,687.010311467622,5.892242446711372,7.516122093376399,26.983727994289925,0.22819196197499092,0.24852999209019572,0.3246242622229612,-1.2853460190134964,-0.04977826906276334
recent_benchmark,direct,28,Ensemble,28,723.0,709.7509557091622,5.7745548583595205,7.07796756010298,27.394768186524892,0.22363421304850148,0.26383246672192906,0.3281405286663625,-0.47318015324421,-0.018325095837950042
recent_benchmark,direct,28,XGBoost,28,723.0,697.8443841934204,6.097783258983067,7.403924012566448,28.555960235194476,0.2361520487572972,0.2893639831508002,0.3469704365185281,-0.8984148502349854,-0.03479338285833968
recent_benchmark,direct,28,LightGBM,28,723.0,738.3747372627258,6.116489393370492,7.472676259993426,28.865844800055022,0.23687649102956262,0.2793923318141117,0.3557071526222873,0.5490977593830654,0.021265196767255645
recent_benchmark,direct,28,DynamicRidge,28,723.0,720.8499841690063,7.351034811564854,8.92407520431041,34.79813078887353,0.2846873785944895,0.3032082227449257,0.361645618290496,-0.07678627967834473,-0.002973742504832161
recent_benchmark,direct,28,SeasonalNaive,28,723.0,783.0,12.785714285714286,17.84856937044055,66.5789912587848,0.4951590594744122,0.44923053738251395,0.6507302518668505,2.142857142857143,0.08298755186721991
recent_benchmark,direct,28,MovingAvg28,28,723.0,1225.75,20.266581632653054,24.663468347301993,111.16979203549025,0.7848745307251529,0.582660568657284,0.7594835539783589,17.95535714285714,0.6953665283540801
recent_benchmark,direct,29,NeuralNet,28,1872.0,1957.2008314080717,12.337912179989784,15.756906666178613,22.557639261397252,0.1845414214955737,0.19654372733965725,0.2611945610434682,3.042886836002554,0.04551326464106384
recent_benchmark,direct,29,Ensemble,28,1872.0,1976.0849774723413,11.335960450030695,15.345893573315593,20.04583866324345,0.1695549639961856,0.1808771708766432,0.2490070704054943,3.717320624012198,0.055600949504455946
recent_benchmark,direct,29,XGBoost,28,1872.0,1982.261526107788,12.329903534480504,15.854472776083822,21.01507230201479,0.18442163406274256,0.1916994611445643,0.2449692110329154,3.9379116467067172,0.058900387878091924
recent_benchmark,direct,29,LightGBM,28,1872.0,1989.55717086792,12.737552506583077,17.398716682259288,21.68089467592673,0.1905189477480375,0.2043192628994585,0.28322542929588057,4.198470388139997,0.06279763401064098
recent_benchmark,direct,29,DynamicRidge,28,1872.0,1801.4402160644531,12.617250714983259,14.93856352278733,23.179931035062733,0.18871956197624531,0.23057600436844367,0.2848247365505688,-2.5199922834123885,-0.03769219227326222
recent_benchmark,direct,29,SeasonalNaive,28,1872.0,2316.0,30.571428571428573,42.739242589719076,62.79573696748437,0.45726495726495725,0.4014551972908696,0.5678036693232744,15.857142857142858,0.23717948717948717
recent_benchmark,direct,29,MovingAvg28,28,1872.0,2612.999999999999,35.173469387755105,39.53050359261458,72.55346891868307,0.5260989010989011,0.4678074622719692,0.5795476615881953,26.464285714285715,0.3958333333333333
recent_benchmark,direct,30,NeuralNet,28,1236.0,1261.7637980735808,9.528943628414794,13.897550500095008,27.133195060273923,0.21586603688965553,0.21695676797522928,0.3144653213611554,0.920135645485036,0.020844496823285603
recent_benchmark,direct,30,Ensemble,28,1236.0,1307.1697539027875,9.976750258341232,12.159634930913077,28.514711832041606,0.22601052365174312,0.2385318224974967,0.3019754469702136,2.54177692509955,0.05758070704109012
recent_benchmark,direct,30,XGBoost,28,1236.0,1277.658450126648,10.647453342165266,12.67322945473905,30.79704038588033,0.2412044446445206,0.2711018686142323,0.3263075049533841,1.4878017902374268,0.03370424767528151
recent_benchmark,direct,30,LightGBM,28,1236.0,1368.00044631958,10.960933549063546,13.47871836028279,30.81974515956706,0.24830593800467582,0.25798427826854614,0.32406206653216274,4.7143016542707175,0.10679647760483825
recent_benchmark,direct,30,DynamicRidge,28,1236.0,1160.3887939453125,10.371800422668457,13.811057652320665,27.18784175591501,0.2349598801251754,0.2599383172185746,0.31583891431523653,-2.7004002162388394,-0.06117411493097694
recent_benchmark,direct,30,SeasonalNaive,28,1236.0,1426.0,23.785714285714285,34.17601498127012,66.54285206186651,0.5388349514563107,0.45911464745803837,0.6248428813986892,6.785714285714286,0.15372168284789645
recent_benchmark,direct,30,MovingAvg28,28,1236.0,1529.5277777777778,21.33659297052154,25.966706475920294,67.4238849871,0.48335323881440384,0.4511675572255979,0.5694662749259782,10.48313492063492,0.23748202085580722
